index,open,high,low,close,time,que_time
0,1.35734,1.35774,1.3568,1.35706,2025-08-13 17:00:00+00:00,2025-08-13 18:00:00+00:00
1,1.35706,1.35716,1.35637,1.35674,2025-08-13 18:00:00+00:00,2025-08-13 19:00:00+00:00
2,1.35673,1.35746,1.35641,1.35738,2025-08-13 19:00:00+00:00,2025-08-13 20:00:00+00:00
3,1.35701,1.35764,1.35701,1.35737,2025-08-13 21:00:00+00:00,2025-08-13 22:00:00+00:00
4,1.35742,1.35807,1.35739,1.35805,2025-08-13 22:00:00+00:00,2025-08-13 23:00:00+00:00
5,1.35804,1.35856,1.358,1.35854,2025-08-13 23:00:00+00:00,2025-08-14 00:00:00+00:00
6,1.3586,1.35921,1.35824,1.35836,2025-08-14 01:00:00+00:00,2025-08-14 02:00:00+00:00
7,1.35758,1.3577,1.35688,1.35734,2025-08-14 05:00:00+00:00,2025-08-14 06:00:00+00:00
8,1.35778,1.3595,1.3575,1.35808,2025-08-14 10:00:00+00:00,2025-08-14 11:00:00+00:00
9,1.35809,1.3584,1.35726,1.35742,2025-08-14 11:00:00+00:00,2025-08-14 12:00:00+00:00
10,1.35744,1.35826,1.35464,1.3553,2025-08-14 12:00:00+00:00,2025-08-14 13:00:00+00:00
11,1.35352,1.35572,1.35337,1.3556,2025-08-14 14:00:00+00:00,2025-08-14 15:00:00+00:00
12,1.3556,1.35569,1.35273,1.35299,2025-08-14 15:00:00+00:00,2025-08-14 16:00:00+00:00
13,1.353,1.35316,1.3521,1.35233,2025-08-14 16:00:00+00:00,2025-08-14 17:00:00+00:00
14,1.35321,1.35341,1.35244,1.3533,2025-08-14 18:00:00+00:00,2025-08-14 19:00:00+00:00
15,1.35332,1.35394,1.35322,1.3537,2025-08-14 19:00:00+00:00,2025-08-14 20:00:00+00:00
16,1.3537,1.35388,1.35299,1.353,2025-08-14 20:00:00+00:00,2025-08-14 21:00:00+00:00
17,1.35289,1.35317,1.35262,1.353,2025-08-14 23:00:00+00:00,2025-08-15 00:00:00+00:00
18,1.35302,1.35356,1.35274,1.35347,2025-08-15 00:00:00+00:00,2025-08-15 01:00:00+00:00
19,1.35348,1.35402,1.35312,1.35374,2025-08-15 01:00:00+00:00,2025-08-15 02:00:00+00:00
20,1.35373,1.35446,1.35354,1.35434,2025-08-15 02:00:00+00:00,2025-08-15 03:00:00+00:00
21,1.35477,1.355,1.35448,1.35477,2025-08-15 04:00:00+00:00,2025-08-15 05:00:00+00:00
22,1.35518,1.35548,1.35426,1.35529,2025-08-15 06:00:00+00:00,2025-08-15 07:00:00+00:00
23,1.35528,1.35604,1.35476,1.35552,2025-08-15 07:00:00+00:00,2025-08-15 08:00:00+00:00
24,1.35463,1.3558,1.3546,1.3557,2025-08-15 09:00:00+00:00,2025-08-15 10:00:00+00:00
25,1.35596,1.35714,1.35587,1.35626,2025-08-15 15:00:00+00:00,2025-08-15 16:00:00+00:00
26,1.35552,1.35586,1.35484,1.35524,2025-08-15 20:00:00+00:00,2025-08-17 21:00:00+00:00
27,1.35667,1.35667,1.35577,1.35618,2025-08-17 22:00:00+00:00,2025-08-17 23:00:00+00:00
28,1.3562,1.35624,1.35541,1.35561,2025-08-17 23:00:00+00:00,2025-08-18 00:00:00+00:00
29,1.35498,1.35575,1.35498,1.35564,2025-08-18 03:00:00+00:00,2025-08-18 04:00:00+00:00
30,1.35632,1.35643,1.35592,1.35614,2025-08-18 05:00:00+00:00,2025-08-18 06:00:00+00:00
31,1.35612,1.35635,1.35408,1.35454,2025-08-18 06:00:00+00:00,2025-08-18 07:00:00+00:00
32,1.35464,1.35506,1.35392,1.354,2025-08-18 09:00:00+00:00,2025-08-18 10:00:00+00:00
33,1.3544,1.35466,1.35359,1.35381,2025-08-18 13:00:00+00:00,2025-08-18 14:00:00+00:00
34,1.35161,1.35226,1.35112,1.35195,2025-08-18 15:00:00+00:00,2025-08-18 16:00:00+00:00
35,1.35092,1.35158,1.35072,1.35098,2025-08-18 17:00:00+00:00,2025-08-18 18:00:00+00:00
36,1.35054,1.35124,1.35053,1.35064,2025-08-18 19:00:00+00:00,2025-08-18 20:00:00+00:00
37,1.35061,1.35082,1.35016,1.35033,2025-08-18 20:00:00+00:00,2025-08-18 21:00:00+00:00
38,1.3508,1.35102,1.3501,1.35026,2025-08-19 00:00:00+00:00,2025-08-19 01:00:00+00:00
39,1.34988,1.3505,1.3497,1.35009,2025-08-19 03:00:00+00:00,2025-08-19 04:00:00+00:00
40,1.35052,1.35098,1.3498,1.35,2025-08-19 05:00:00+00:00,2025-08-19 06:00:00+00:00
41,1.35001,1.35149,1.34965,1.35144,2025-08-19 06:00:00+00:00,2025-08-19 07:00:00+00:00
42,1.35224,1.35264,1.35142,1.35214,2025-08-19 11:00:00+00:00,2025-08-19 12:00:00+00:00
43,1.35108,1.3516,1.34956,1.35025,2025-08-19 14:00:00+00:00,2025-08-19 15:00:00+00:00
44,1.35026,1.35058,1.34906,1.34932,2025-08-19 15:00:00+00:00,2025-08-19 16:00:00+00:00
45,1.34895,1.34958,1.3486,1.349,2025-08-19 17:00:00+00:00,2025-08-19 18:00:00+00:00
46,1.34854,1.34908,1.3482,1.34897,2025-08-19 19:00:00+00:00,2025-08-19 20:00:00+00:00
47,1.3489,1.3493,1.34884,1.34912,2025-08-19 22:00:00+00:00,2025-08-19 23:00:00+00:00
48,1.34912,1.34914,1.34846,1.34848,2025-08-19 23:00:00+00:00,2025-08-20 00:00:00+00:00
49,1.34848,1.34862,1.3475,1.34803,2025-08-20 00:00:00+00:00,2025-08-20 01:00:00+00:00
50,1.34804,1.34836,1.34706,1.34735,2025-08-20 01:00:00+00:00,2025-08-20 02:00:00+00:00
51,1.34724,1.34786,1.34721,1.34746,2025-08-20 04:00:00+00:00,2025-08-20 05:00:00+00:00
52,1.34746,1.34882,1.3472,1.34872,2025-08-20 05:00:00+00:00,2025-08-20 06:00:00+00:00
53,1.35008,1.35054,1.3497,1.35012,2025-08-20 09:00:00+00:00,2025-08-20 10:00:00+00:00
54,1.35012,1.35042,1.34904,1.34946,2025-08-20 10:00:00+00:00,2025-08-20 11:00:00+00:00
55,1.34779,1.34841,1.3461,1.34732,2025-08-20 14:00:00+00:00,2025-08-20 15:00:00+00:00
56,1.3449,1.34632,1.3449,1.34607,2025-08-20 16:00:00+00:00,2025-08-20 17:00:00+00:00
57,1.34608,1.34707,1.34592,1.34694,2025-08-20 17:00:00+00:00,2025-08-20 18:00:00+00:00
58,1.34563,1.34582,1.34544,1.34556,2025-08-20 22:00:00+00:00,2025-08-20 23:00:00+00:00
59,1.34568,1.34649,1.34532,1.34588,2025-08-21 01:00:00+00:00,2025-08-21 02:00:00+00:00
60,1.34523,1.34542,1.34484,1.34538,2025-08-21 05:00:00+00:00,2025-08-21 06:00:00+00:00
61,1.34456,1.34576,1.34354,1.34558,2025-08-21 07:00:00+00:00,2025-08-21 08:00:00+00:00
62,1.34558,1.34732,1.34509,1.34662,2025-08-21 08:00:00+00:00,2025-08-21 09:00:00+00:00
63,1.34756,1.34758,1.34655,1.34735,2025-08-21 10:00:00+00:00,2025-08-21 11:00:00+00:00
64,1.34736,1.3475,1.34544,1.34545,2025-08-21 11:00:00+00:00,2025-08-21 12:00:00+00:00
65,1.34546,1.34738,1.3442,1.34463,2025-08-21 12:00:00+00:00,2025-08-21 13:00:00+00:00
66,1.34264,1.3444,1.34238,1.34264,2025-08-21 14:00:00+00:00,2025-08-21 15:00:00+00:00
67,1.34146,1.34219,1.34056,1.34192,2025-08-21 16:00:00+00:00,2025-08-21 17:00:00+00:00
68,1.34226,1.34249,1.34174,1.34186,2025-08-21 18:00:00+00:00,2025-08-21 19:00:00+00:00
69,1.34104,1.34142,1.34102,1.34116,2025-08-21 21:00:00+00:00,2025-08-21 22:00:00+00:00
70,1.34178,1.34199,1.34141,1.34181,2025-08-21 23:00:00+00:00,2025-08-22 00:00:00+00:00
71,1.3418,1.34204,1.3415,1.34202,2025-08-22 00:00:00+00:00,2025-08-22 01:00:00+00:00
72,1.3411,1.34165,1.34086,1.34117,2025-08-22 02:00:00+00:00,2025-08-22 03:00:00+00:00
73,1.34118,1.34138,1.34004,1.34016,2025-08-22 03:00:00+00:00,2025-08-22 04:00:00+00:00
74,1.3394,1.33978,1.33923,1.33943,2025-08-22 05:00:00+00:00,2025-08-22 06:00:00+00:00
75,1.3394,1.34048,1.33906,1.3402,2025-08-22 06:00:00+00:00,2025-08-22 07:00:00+00:00
76,1.3402,1.34106,1.34016,1.34061,2025-08-22 07:00:00+00:00,2025-08-22 08:00:00+00:00
77,1.34156,1.34207,1.34115,1.34133,2025-08-22 12:00:00+00:00,2025-08-22 13:00:00+00:00
78,1.34134,1.34324,1.34124,1.34232,2025-08-22 13:00:00+00:00,2025-08-22 14:00:00+00:00
79,1.34234,1.35248,1.34234,1.35248,2025-08-22 14:00:00+00:00,2025-08-22 15:00:00+00:00
80,1.35256,1.35444,1.35256,1.35368,2025-08-22 17:00:00+00:00,2025-08-22 18:00:00+00:00
81,1.35367,1.35403,1.3523,1.35255,2025-08-22 18:00:00+00:00,2025-08-22 19:00:00+00:00
82,1.35256,1.35265,1.35174,1.35188,2025-08-22 19:00:00+00:00,2025-08-22 20:00:00+00:00
83,1.35187,1.35298,1.35182,1.35275,2025-08-22 20:00:00+00:00,2025-08-24 21:00:00+00:00
84,1.35176,1.35254,1.35136,1.35158,2025-08-24 22:00:00+00:00,2025-08-24 23:00:00+00:00
85,1.3516,1.35178,1.35082,1.35086,2025-08-24 23:00:00+00:00,2025-08-25 00:00:00+00:00
86,1.35087,1.35094,1.3495,1.34976,2025-08-25 00:00:00+00:00,2025-08-25 01:00:00+00:00
87,1.3494,1.35014,1.34913,1.35,2025-08-25 02:00:00+00:00,2025-08-25 03:00:00+00:00
88,1.35116,1.3512,1.35072,1.35112,2025-08-25 05:00:00+00:00,2025-08-25 06:00:00+00:00
89,1.35113,1.35275,1.35113,1.35198,2025-08-25 06:00:00+00:00,2025-08-25 07:00:00+00:00
90,1.35036,1.3509,1.35024,1.35034,2025-08-25 08:00:00+00:00,2025-08-25 09:00:00+00:00
91,1.35032,1.35049,1.34924,1.3495,2025-08-25 09:00:00+00:00,2025-08-25 10:00:00+00:00
92,1.3495,1.34967,1.34841,1.34907,2025-08-25 10:00:00+00:00,2025-08-25 11:00:00+00:00
93,1.35088,1.35118,1.35004,1.35025,2025-08-25 14:00:00+00:00,2025-08-25 15:00:00+00:00
94,1.34894,1.3493,1.3485,1.34882,2025-08-25 16:00:00+00:00,2025-08-25 17:00:00+00:00
95,1.3488,1.349,1.34775,1.34794,2025-08-25 17:00:00+00:00,2025-08-25 18:00:00+00:00
96,1.34794,1.34812,1.34581,1.34607,2025-08-25 18:00:00+00:00,2025-08-25 19:00:00+00:00
97,1.34562,1.34576,1.345,1.34547,2025-08-25 23:00:00+00:00,2025-08-26 00:00:00+00:00
98,1.34808,1.3483,1.34674,1.34719,2025-08-26 01:00:00+00:00,2025-08-26 02:00:00+00:00
99,1.34718,1.34772,1.34615,1.34647,2025-08-26 02:00:00+00:00,2025-08-26 03:00:00+00:00
100,1.34516,1.34586,1.34504,1.34571,2025-08-26 04:00:00+00:00,2025-08-26 05:00:00+00:00
101,1.34558,1.34698,1.34557,1.34637,2025-08-26 08:00:00+00:00,2025-08-26 09:00:00+00:00
102,1.348,1.34822,1.34724,1.34791,2025-08-26 10:00:00+00:00,2025-08-26 11:00:00+00:00
103,1.34818,1.3493,1.3477,1.34776,2025-08-26 16:00:00+00:00,2025-08-26 17:00:00+00:00
104,1.34797,1.34858,1.34784,1.34788,2025-08-26 19:00:00+00:00,2025-08-26 20:00:00+00:00
105,1.34786,1.34786,1.34729,1.34776,2025-08-26 20:00:00+00:00,2025-08-26 21:00:00+00:00
106,1.3481,1.34814,1.34754,1.3477,2025-08-26 23:00:00+00:00,2025-08-27 00:00:00+00:00
107,1.34717,1.3475,1.34689,1.347,2025-08-27 01:00:00+00:00,2025-08-27 02:00:00+00:00
108,1.347,1.34708,1.34602,1.34626,2025-08-27 02:00:00+00:00,2025-08-27 03:00:00+00:00
109,1.34625,1.34666,1.34556,1.34577,2025-08-27 03:00:00+00:00,2025-08-27 04:00:00+00:00
110,1.34486,1.34561,1.3447,1.3456,2025-08-27 05:00:00+00:00,2025-08-27 06:00:00+00:00
111,1.34453,1.345,1.34404,1.34416,2025-08-27 09:00:00+00:00,2025-08-27 10:00:00+00:00
112,1.34224,1.34354,1.34166,1.34308,2025-08-27 11:00:00+00:00,2025-08-27 12:00:00+00:00
113,1.34308,1.34452,1.34308,1.34416,2025-08-27 12:00:00+00:00,2025-08-27 13:00:00+00:00
114,1.34416,1.34559,1.3436,1.34472,2025-08-27 13:00:00+00:00,2025-08-27 14:00:00+00:00
115,1.34471,1.34614,1.34438,1.34604,2025-08-27 14:00:00+00:00,2025-08-27 15:00:00+00:00
116,1.34604,1.34736,1.34604,1.34664,2025-08-27 15:00:00+00:00,2025-08-27 16:00:00+00:00
117,1.34663,1.34975,1.34663,1.34963,2025-08-27 16:00:00+00:00,2025-08-27 17:00:00+00:00
118,1.34952,1.3499,1.34934,1.34967,2025-08-27 21:00:00+00:00,2025-08-27 22:00:00+00:00
119,1.34962,1.35012,1.34962,1.34994,2025-08-27 22:00:00+00:00,2025-08-27 23:00:00+00:00
120,1.35051,1.35124,1.3501,1.35044,2025-08-28 01:00:00+00:00,2025-08-28 02:00:00+00:00
121,1.35164,1.35186,1.35078,1.3508,2025-08-28 03:00:00+00:00,2025-08-28 04:00:00+00:00
122,1.35044,1.35134,1.35024,1.3504,2025-08-28 06:00:00+00:00,2025-08-28 07:00:00+00:00
123,1.34992,1.35014,1.34834,1.34992,2025-08-28 08:00:00+00:00,2025-08-28 09:00:00+00:00
124,1.34992,1.35074,1.34988,1.35018,2025-08-28 09:00:00+00:00,2025-08-28 10:00:00+00:00
125,1.3521,1.35248,1.35122,1.35146,2025-08-28 11:00:00+00:00,2025-08-28 12:00:00+00:00
126,1.35035,1.35114,1.34892,1.35066,2025-08-28 13:00:00+00:00,2025-08-28 14:00:00+00:00
127,1.35117,1.35182,1.3505,1.35148,2025-08-28 15:00:00+00:00,2025-08-28 16:00:00+00:00
128,1.35222,1.35308,1.35183,1.35213,2025-08-28 17:00:00+00:00,2025-08-28 18:00:00+00:00
129,1.35212,1.35228,1.35136,1.3516,2025-08-28 18:00:00+00:00,2025-08-28 19:00:00+00:00
130,1.35108,1.35123,1.35086,1.35106,2025-08-28 21:00:00+00:00,2025-08-28 22:00:00+00:00
131,1.35082,1.35112,1.35032,1.35087,2025-08-29 00:00:00+00:00,2025-08-29 01:00:00+00:00
132,1.35022,1.35025,1.3496,1.34988,2025-08-29 03:00:00+00:00,2025-08-29 04:00:00+00:00
133,1.35032,1.35033,1.3493,1.34999,2025-08-29 05:00:00+00:00,2025-08-29 06:00:00+00:00
134,1.34906,1.34951,1.34838,1.34913,2025-08-29 07:00:00+00:00,2025-08-29 08:00:00+00:00
135,1.34912,1.34943,1.347,1.34775,2025-08-29 08:00:00+00:00,2025-08-29 09:00:00+00:00
136,1.34599,1.34656,1.34541,1.3462,2025-08-29 10:00:00+00:00,2025-08-29 11:00:00+00:00
137,1.34538,1.34627,1.34465,1.34606,2025-08-29 12:00:00+00:00,2025-08-29 13:00:00+00:00
138,1.34605,1.34701,1.34468,1.34691,2025-08-29 13:00:00+00:00,2025-08-29 14:00:00+00:00
139,1.3508,1.35082,1.35018,1.35032,2025-08-29 17:00:00+00:00,2025-08-29 18:00:00+00:00
140,1.35032,1.35112,1.34997,1.35104,2025-08-29 18:00:00+00:00,2025-08-29 19:00:00+00:00
141,1.35102,1.35156,1.35057,1.35154,2025-08-29 19:00:00+00:00,2025-08-29 20:00:00+00:00
142,1.3503,1.35054,1.35005,1.35034,2025-08-31 23:00:00+00:00,2025-09-01 00:00:00+00:00
143,1.35185,1.35194,1.35054,1.35122,2025-09-01 01:00:00+00:00,2025-09-01 02:00:00+00:00
144,1.35271,1.35295,1.352,1.35234,2025-09-01 03:00:00+00:00,2025-09-01 04:00:00+00:00
145,1.35234,1.35238,1.35168,1.35184,2025-09-01 04:00:00+00:00,2025-09-01 05:00:00+00:00
146,1.35183,1.35278,1.35174,1.35253,2025-09-01 05:00:00+00:00,2025-09-01 06:00:00+00:00
147,1.35242,1.35332,1.35226,1.35242,2025-09-01 11:00:00+00:00,2025-09-01 12:00:00+00:00
148,1.35242,1.35338,1.35238,1.35334,2025-09-01 12:00:00+00:00,2025-09-01 13:00:00+00:00
149,1.35335,1.3545,1.3531,1.35369,2025-09-01 13:00:00+00:00,2025-09-01 14:00:00+00:00
150,1.35422,1.35433,1.35404,1.35426,2025-09-01 17:00:00+00:00,2025-09-01 18:00:00+00:00
151,1.35426,1.35441,1.35416,1.35438,2025-09-01 18:00:00+00:00,2025-09-01 19:00:00+00:00
152,1.35484,1.355,1.35447,1.35449,2025-09-01 20:00:00+00:00,2025-09-01 21:00:00+00:00
153,1.3545,1.35494,1.3544,1.35463,2025-09-01 23:00:00+00:00,2025-09-02 00:00:00+00:00
154,1.35378,1.35415,1.35331,1.35363,2025-09-02 01:00:00+00:00,2025-09-02 02:00:00+00:00
155,1.35261,1.353,1.35232,1.35276,2025-09-02 04:00:00+00:00,2025-09-02 05:00:00+00:00
156,1.35276,1.3531,1.35202,1.35211,2025-09-02 05:00:00+00:00,2025-09-02 06:00:00+00:00
157,1.35211,1.35336,1.35211,1.35314,2025-09-02 06:00:00+00:00,2025-09-02 07:00:00+00:00
158,1.34136,1.34179,1.33815,1.33996,2025-09-02 09:00:00+00:00,2025-09-02 10:00:00+00:00
159,1.33788,1.33854,1.33697,1.33838,2025-09-02 11:00:00+00:00,2025-09-02 12:00:00+00:00
160,1.33518,1.33961,1.33426,1.33902,2025-09-02 13:00:00+00:00,2025-09-02 14:00:00+00:00
161,1.33906,1.34188,1.33906,1.33972,2025-09-02 14:00:00+00:00,2025-09-02 15:00:00+00:00
162,1.33928,1.33942,1.33841,1.33844,2025-09-02 17:00:00+00:00,2025-09-02 18:00:00+00:00
163,1.33844,1.33869,1.3375,1.33794,2025-09-02 18:00:00+00:00,2025-09-02 19:00:00+00:00
164,1.33794,1.33914,1.33792,1.33907,2025-09-02 19:00:00+00:00,2025-09-02 20:00:00+00:00
165,1.33894,1.33944,1.33888,1.33944,2025-09-02 21:00:00+00:00,2025-09-02 22:00:00+00:00
166,1.33946,1.33958,1.33866,1.3387,2025-09-02 22:00:00+00:00,2025-09-02 23:00:00+00:00
167,1.3387,1.33879,1.33813,1.33813,2025-09-02 23:00:00+00:00,2025-09-03 00:00:00+00:00
168,1.33814,1.33834,1.33724,1.3376,2025-09-03 00:00:00+00:00,2025-09-03 01:00:00+00:00
169,1.33758,1.3378,1.33674,1.33694,2025-09-03 01:00:00+00:00,2025-09-03 02:00:00+00:00
170,1.33694,1.33754,1.33634,1.33656,2025-09-03 02:00:00+00:00,2025-09-03 03:00:00+00:00
171,1.33694,1.3374,1.33594,1.33626,2025-09-03 05:00:00+00:00,2025-09-03 06:00:00+00:00
172,1.33764,1.33807,1.33332,1.33665,2025-09-03 07:00:00+00:00,2025-09-03 08:00:00+00:00
173,1.34078,1.34115,1.33951,1.3404,2025-09-03 10:00:00+00:00,2025-09-03 11:00:00+00:00
174,1.3404,1.34127,1.33977,1.34119,2025-09-03 11:00:00+00:00,2025-09-03 12:00:00+00:00
175,1.34175,1.34468,1.34175,1.34336,2025-09-03 14:00:00+00:00,2025-09-03 15:00:00+00:00
176,1.34478,1.34524,1.3444,1.345,2025-09-03 16:00:00+00:00,2025-09-03 17:00:00+00:00
177,1.34418,1.34418,1.34346,1.34386,2025-09-03 19:00:00+00:00,2025-09-03 20:00:00+00:00
178,1.34404,1.34458,1.34396,1.34425,2025-09-03 21:00:00+00:00,2025-09-03 22:00:00+00:00
179,1.34423,1.34504,1.34335,1.34376,2025-09-04 01:00:00+00:00,2025-09-04 02:00:00+00:00
180,1.34374,1.3438,1.34294,1.34312,2025-09-04 02:00:00+00:00,2025-09-04 03:00:00+00:00
181,1.34271,1.34302,1.34242,1.34282,2025-09-04 05:00:00+00:00,2025-09-04 06:00:00+00:00
182,1.34282,1.34412,1.34282,1.34357,2025-09-04 06:00:00+00:00,2025-09-04 07:00:00+00:00
183,1.34356,1.34384,1.34166,1.34274,2025-09-04 07:00:00+00:00,2025-09-04 08:00:00+00:00
184,1.34401,1.34561,1.34378,1.34489,2025-09-04 10:00:00+00:00,2025-09-04 11:00:00+00:00
185,1.34273,1.34408,1.34261,1.34388,2025-09-04 15:00:00+00:00,2025-09-04 16:00:00+00:00
186,1.34222,1.34316,1.34222,1.34262,2025-09-04 18:00:00+00:00,2025-09-04 19:00:00+00:00
187,1.34332,1.34358,1.34326,1.34336,2025-09-04 22:00:00+00:00,2025-09-04 23:00:00+00:00
188,1.34335,1.3445,1.34335,1.3444,2025-09-04 23:00:00+00:00,2025-09-05 00:00:00+00:00
189,1.3444,1.34504,1.3442,1.34492,2025-09-05 00:00:00+00:00,2025-09-05 01:00:00+00:00
190,1.3453,1.34553,1.34522,1.3454,2025-09-05 03:00:00+00:00,2025-09-05 04:00:00+00:00
191,1.34541,1.34548,1.34482,1.34504,2025-09-05 04:00:00+00:00,2025-09-05 05:00:00+00:00
192,1.34556,1.34666,1.34504,1.34646,2025-09-05 07:00:00+00:00,2025-09-05 08:00:00+00:00
193,1.34642,1.34722,1.34622,1.34702,2025-09-05 08:00:00+00:00,2025-09-05 09:00:00+00:00
194,1.34812,1.3486,1.34779,1.34785,2025-09-05 10:00:00+00:00,2025-09-05 11:00:00+00:00
195,1.34784,1.34836,1.34616,1.3462,2025-09-05 11:00:00+00:00,2025-09-05 12:00:00+00:00
196,1.34621,1.35352,1.34578,1.35212,2025-09-05 12:00:00+00:00,2025-09-05 13:00:00+00:00
197,1.35413,1.35427,1.35254,1.3526,2025-09-05 16:00:00+00:00,2025-09-05 17:00:00+00:00
198,1.35262,1.35262,1.3511,1.35128,2025-09-05 17:00:00+00:00,2025-09-05 18:00:00+00:00
199,1.35032,1.35124,1.35024,1.35082,2025-09-05 20:00:00+00:00,2025-09-07 21:00:00+00:00
200,1.35036,1.35046,1.34994,1.35005,2025-09-07 21:00:00+00:00,2025-09-07 22:00:00+00:00
201,1.34926,1.34962,1.34835,1.3496,2025-09-08 00:00:00+00:00,2025-09-08 01:00:00+00:00
202,1.34962,1.35034,1.34907,1.35016,2025-09-08 01:00:00+00:00,2025-09-08 02:00:00+00:00
203,1.35017,1.35054,1.34973,1.3504,2025-09-08 02:00:00+00:00,2025-09-08 03:00:00+00:00
204,1.34963,1.35039,1.34956,1.34965,2025-09-08 05:00:00+00:00,2025-09-08 06:00:00+00:00
205,1.35124,1.35142,1.3508,1.35092,2025-09-08 09:00:00+00:00,2025-09-08 10:00:00+00:00
206,1.35304,1.35363,1.35224,1.35294,2025-09-08 11:00:00+00:00,2025-09-08 12:00:00+00:00
207,1.35432,1.35568,1.35402,1.35452,2025-09-08 13:00:00+00:00,2025-09-08 14:00:00+00:00
208,1.35465,1.35486,1.3528,1.35376,2025-09-08 16:00:00+00:00,2025-09-08 17:00:00+00:00
209,1.35376,1.35401,1.35274,1.35277,2025-09-08 17:00:00+00:00,2025-09-08 18:00:00+00:00
210,1.35532,1.35551,1.35493,1.35507,2025-09-08 19:00:00+00:00,2025-09-08 20:00:00+00:00
211,1.3547,1.35499,1.3546,1.35492,2025-09-08 22:00:00+00:00,2025-09-08 23:00:00+00:00
212,1.35493,1.35582,1.35493,1.35528,2025-09-08 23:00:00+00:00,2025-09-09 00:00:00+00:00
213,1.3553,1.35625,1.35505,1.35586,2025-09-09 00:00:00+00:00,2025-09-09 01:00:00+00:00
214,1.35672,1.35716,1.35629,1.35636,2025-09-09 02:00:00+00:00,2025-09-09 03:00:00+00:00
215,1.35638,1.35652,1.35582,1.35597,2025-09-09 03:00:00+00:00,2025-09-09 04:00:00+00:00
216,1.35598,1.35756,1.35589,1.3574,2025-09-09 04:00:00+00:00,2025-09-09 05:00:00+00:00
217,1.35737,1.35806,1.35708,1.35794,2025-09-09 05:00:00+00:00,2025-09-09 06:00:00+00:00
218,1.35652,1.35758,1.35582,1.35733,2025-09-09 08:00:00+00:00,2025-09-09 09:00:00+00:00
219,1.35872,1.35894,1.35747,1.35776,2025-09-09 10:00:00+00:00,2025-09-09 11:00:00+00:00
220,1.35775,1.35786,1.35572,1.35583,2025-09-09 11:00:00+00:00,2025-09-09 12:00:00+00:00
221,1.35544,1.35657,1.35516,1.35545,2025-09-09 13:00:00+00:00,2025-09-09 14:00:00+00:00
222,1.35546,1.35745,1.35321,1.35396,2025-09-09 14:00:00+00:00,2025-09-09 15:00:00+00:00
223,1.35346,1.35388,1.35248,1.35264,2025-09-09 17:00:00+00:00,2025-09-09 18:00:00+00:00
224,1.35264,1.35278,1.35219,1.35227,2025-09-09 18:00:00+00:00,2025-09-09 19:00:00+00:00
225,1.35226,1.35251,1.35184,1.35194,2025-09-09 19:00:00+00:00,2025-09-09 20:00:00+00:00
226,1.35194,1.35278,1.35183,1.35275,2025-09-09 20:00:00+00:00,2025-09-09 21:00:00+00:00
227,1.35253,1.35292,1.3524,1.35281,2025-09-09 21:00:00+00:00,2025-09-09 22:00:00+00:00
228,1.35282,1.3531,1.35248,1.35303,2025-09-09 22:00:00+00:00,2025-09-09 23:00:00+00:00
229,1.35224,1.35283,1.35148,1.35223,2025-09-10 01:00:00+00:00,2025-09-10 02:00:00+00:00
230,1.35224,1.35324,1.35209,1.35318,2025-09-10 02:00:00+00:00,2025-09-10 03:00:00+00:00
231,1.35318,1.35366,1.3531,1.35328,2025-09-10 03:00:00+00:00,2025-09-10 04:00:00+00:00
232,1.35422,1.35422,1.35324,1.35352,2025-09-10 05:00:00+00:00,2025-09-10 06:00:00+00:00
233,1.35336,1.3534,1.35198,1.35274,2025-09-10 08:00:00+00:00,2025-09-10 09:00:00+00:00
234,1.35552,1.35616,1.35472,1.35508,2025-09-10 14:00:00+00:00,2025-09-10 15:00:00+00:00
235,1.35508,1.35552,1.35429,1.35464,2025-09-10 15:00:00+00:00,2025-09-10 16:00:00+00:00
236,1.35345,1.3542,1.35322,1.3536,2025-09-10 18:00:00+00:00,2025-09-10 19:00:00+00:00
237,1.35344,1.35356,1.35262,1.35292,2025-09-10 21:00:00+00:00,2025-09-10 22:00:00+00:00
238,1.35382,1.35401,1.35332,1.35332,2025-09-10 23:00:00+00:00,2025-09-11 00:00:00+00:00
239,1.35275,1.3534,1.35266,1.35298,2025-09-11 01:00:00+00:00,2025-09-11 02:00:00+00:00
240,1.35276,1.35286,1.35232,1.3527,2025-09-11 04:00:00+00:00,2025-09-11 05:00:00+00:00
241,1.35158,1.35216,1.35136,1.35146,2025-09-11 08:00:00+00:00,2025-09-11 09:00:00+00:00
242,1.3515,1.35228,1.3506,1.35076,2025-09-11 11:00:00+00:00,2025-09-11 12:00:00+00:00
243,1.35076,1.35492,1.34939,1.3545,2025-09-11 12:00:00+00:00,2025-09-11 13:00:00+00:00
244,1.35792,1.35818,1.3577,1.35778,2025-09-11 19:00:00+00:00,2025-09-11 20:00:00+00:00
245,1.35738,1.35774,1.35698,1.3576,2025-09-11 21:00:00+00:00,2025-09-11 22:00:00+00:00
246,1.3579,1.35806,1.35742,1.35742,2025-09-11 23:00:00+00:00,2025-09-12 00:00:00+00:00
247,1.35741,1.3576,1.35686,1.35728,2025-09-12 00:00:00+00:00,2025-09-12 01:00:00+00:00
248,1.35575,1.35631,1.35556,1.35583,2025-09-12 02:00:00+00:00,2025-09-12 03:00:00+00:00
249,1.35552,1.35571,1.35522,1.35564,2025-09-12 04:00:00+00:00,2025-09-12 05:00:00+00:00
250,1.35594,1.35631,1.3545,1.35568,2025-09-12 06:00:00+00:00,2025-09-12 07:00:00+00:00
251,1.35568,1.35751,1.35568,1.35642,2025-09-12 07:00:00+00:00,2025-09-12 08:00:00+00:00
252,1.3534,1.35482,1.353,1.35466,2025-09-12 09:00:00+00:00,2025-09-12 10:00:00+00:00
253,1.35568,1.35628,1.3547,1.35488,2025-09-12 11:00:00+00:00,2025-09-12 12:00:00+00:00
254,1.35432,1.35496,1.35379,1.35461,2025-09-12 13:00:00+00:00,2025-09-12 14:00:00+00:00
255,1.35462,1.35698,1.35458,1.3559,2025-09-12 14:00:00+00:00,2025-09-12 15:00:00+00:00
256,1.35604,1.35682,1.35595,1.35599,2025-09-12 17:00:00+00:00,2025-09-12 18:00:00+00:00
257,1.35698,1.35706,1.35608,1.35618,2025-09-12 19:00:00+00:00,2025-09-12 20:00:00+00:00
258,1.35615,1.35618,1.35552,1.35598,2025-09-12 20:00:00+00:00,2025-09-14 21:00:00+00:00
259,1.35633,1.35638,1.35566,1.3557,2025-09-14 22:00:00+00:00,2025-09-14 23:00:00+00:00
260,1.35528,1.35562,1.35487,1.3556,2025-09-15 00:00:00+00:00,2025-09-15 01:00:00+00:00
261,1.3559,1.35612,1.35554,1.35598,2025-09-15 02:00:00+00:00,2025-09-15 03:00:00+00:00
262,1.35649,1.3571,1.35647,1.35674,2025-09-15 04:00:00+00:00,2025-09-15 05:00:00+00:00
263,1.35619,1.3568,1.35534,1.35628,2025-09-15 06:00:00+00:00,2025-09-15 07:00:00+00:00
264,1.35821,1.36006,1.35788,1.35922,2025-09-15 09:00:00+00:00,2025-09-15 10:00:00+00:00
265,1.35924,1.36135,1.3592,1.36072,2025-09-15 10:00:00+00:00,2025-09-15 11:00:00+00:00
266,1.36152,1.36202,1.36082,1.36148,2025-09-15 12:00:00+00:00,2025-09-15 13:00:00+00:00
267,1.36148,1.36177,1.35955,1.35963,2025-09-15 13:00:00+00:00,2025-09-15 14:00:00+00:00
268,1.35962,1.35964,1.35848,1.35894,2025-09-15 14:00:00+00:00,2025-09-15 15:00:00+00:00
269,1.36054,1.36106,1.36044,1.36092,2025-09-15 19:00:00+00:00,2025-09-15 20:00:00+00:00
270,1.36018,1.36066,1.3598,1.36034,2025-09-16 01:00:00+00:00,2025-09-16 02:00:00+00:00
271,1.36032,1.36142,1.36031,1.36121,2025-09-16 02:00:00+00:00,2025-09-16 03:00:00+00:00
272,1.36175,1.36178,1.36124,1.36158,2025-09-16 04:00:00+00:00,2025-09-16 05:00:00+00:00
273,1.36158,1.3621,1.36145,1.36206,2025-09-16 05:00:00+00:00,2025-09-16 06:00:00+00:00
274,1.36284,1.36386,1.36244,1.36268,2025-09-16 08:00:00+00:00,2025-09-16 09:00:00+00:00
275,1.36424,1.36425,1.3626,1.36268,2025-09-16 10:00:00+00:00,2025-09-16 11:00:00+00:00
276,1.36433,1.36461,1.36248,1.36409,2025-09-16 12:00:00+00:00,2025-09-16 13:00:00+00:00
277,1.36568,1.3658,1.3639,1.36532,2025-09-16 15:00:00+00:00,2025-09-16 16:00:00+00:00
278,1.36586,1.36642,1.36561,1.36595,2025-09-16 18:00:00+00:00,2025-09-16 19:00:00+00:00
279,1.36592,1.36616,1.36504,1.36512,2025-09-16 19:00:00+00:00,2025-09-16 20:00:00+00:00
280,1.36502,1.36556,1.36493,1.36528,2025-09-16 23:00:00+00:00,2025-09-17 00:00:00+00:00
281,1.36527,1.36595,1.36448,1.36452,2025-09-17 00:00:00+00:00,2025-09-17 01:00:00+00:00
282,1.36432,1.36442,1.36408,1.36419,2025-09-17 04:00:00+00:00,2025-09-17 05:00:00+00:00
283,1.36421,1.3649,1.3642,1.36485,2025-09-17 05:00:00+00:00,2025-09-17 06:00:00+00:00
284,1.36486,1.36548,1.3635,1.36402,2025-09-17 06:00:00+00:00,2025-09-17 07:00:00+00:00
285,1.36444,1.36526,1.36399,1.36468,2025-09-17 11:00:00+00:00,2025-09-17 12:00:00+00:00
286,1.36469,1.36546,1.36436,1.36544,2025-09-17 12:00:00+00:00,2025-09-17 13:00:00+00:00
287,1.3665,1.36687,1.36596,1.3668,2025-09-17 17:00:00+00:00,2025-09-17 18:00:00+00:00
288,1.36398,1.36659,1.36342,1.36372,2025-09-17 19:00:00+00:00,2025-09-17 20:00:00+00:00
289,1.36296,1.36356,1.36276,1.36296,2025-09-17 23:00:00+00:00,2025-09-18 00:00:00+00:00
290,1.36296,1.363,1.36205,1.36271,2025-09-18 00:00:00+00:00,2025-09-18 01:00:00+00:00
291,1.36278,1.36308,1.36202,1.36208,2025-09-18 03:00:00+00:00,2025-09-18 04:00:00+00:00
292,1.36208,1.36218,1.36048,1.36066,2025-09-18 04:00:00+00:00,2025-09-18 05:00:00+00:00
293,1.35972,1.3605,1.35864,1.35951,2025-09-18 06:00:00+00:00,2025-09-18 07:00:00+00:00
294,1.36456,1.36543,1.36416,1.365,2025-09-18 10:00:00+00:00,2025-09-18 11:00:00+00:00
295,1.36504,1.36612,1.36129,1.36218,2025-09-18 11:00:00+00:00,2025-09-18 12:00:00+00:00
296,1.36217,1.36232,1.35947,1.35948,2025-09-18 12:00:00+00:00,2025-09-18 13:00:00+00:00
297,1.35486,1.35542,1.35453,1.35541,2025-09-18 20:00:00+00:00,2025-09-18 21:00:00+00:00
298,1.35518,1.35567,1.35515,1.3555,2025-09-18 23:00:00+00:00,2025-09-19 00:00:00+00:00
299,1.35551,1.35558,1.35404,1.3549,2025-09-19 00:00:00+00:00,2025-09-19 01:00:00+00:00
300,1.35388,1.35428,1.35312,1.35414,2025-09-19 02:00:00+00:00,2025-09-19 03:00:00+00:00
301,1.35444,1.35514,1.35412,1.35448,2025-09-19 05:00:00+00:00,2025-09-19 06:00:00+00:00
302,1.35448,1.35456,1.34972,1.35076,2025-09-19 06:00:00+00:00,2025-09-19 07:00:00+00:00
303,1.34912,1.3502,1.34824,1.34996,2025-09-19 08:00:00+00:00,2025-09-19 09:00:00+00:00
304,1.35048,1.35088,1.34945,1.34967,2025-09-19 10:00:00+00:00,2025-09-19 11:00:00+00:00
305,1.34968,1.3499,1.34733,1.34776,2025-09-19 11:00:00+00:00,2025-09-19 12:00:00+00:00
306,1.34776,1.34834,1.3463,1.34685,2025-09-19 12:00:00+00:00,2025-09-19 13:00:00+00:00
307,1.34828,1.34854,1.34738,1.34762,2025-09-19 17:00:00+00:00,2025-09-19 18:00:00+00:00
308,1.34688,1.34736,1.34683,1.34713,2025-09-21 22:00:00+00:00,2025-09-21 23:00:00+00:00
309,1.34678,1.34746,1.34658,1.34664,2025-09-22 01:00:00+00:00,2025-09-22 02:00:00+00:00
310,1.34623,1.34628,1.34534,1.34608,2025-09-22 04:00:00+00:00,2025-09-22 05:00:00+00:00
311,1.34608,1.34742,1.34594,1.34718,2025-09-22 05:00:00+00:00,2025-09-22 06:00:00+00:00
312,1.3475,1.34833,1.34718,1.34786,2025-09-22 07:00:00+00:00,2025-09-22 08:00:00+00:00
313,1.34996,1.35,1.34924,1.34983,2025-09-22 11:00:00+00:00,2025-09-22 12:00:00+00:00
314,1.35084,1.35148,1.34984,1.35072,2025-09-22 13:00:00+00:00,2025-09-22 14:00:00+00:00
315,1.34944,1.35056,1.34923,1.35026,2025-09-22 15:00:00+00:00,2025-09-22 16:00:00+00:00
316,1.3517,1.35192,1.3515,1.35161,2025-09-22 19:00:00+00:00,2025-09-22 20:00:00+00:00
317,1.351,1.35137,1.35078,1.35128,2025-09-22 21:00:00+00:00,2025-09-22 22:00:00+00:00
318,1.35145,1.35162,1.35138,1.35144,2025-09-22 23:00:00+00:00,2025-09-23 00:00:00+00:00
319,1.35142,1.35208,1.35114,1.35207,2025-09-23 00:00:00+00:00,2025-09-23 01:00:00+00:00
320,1.35206,1.35274,1.35162,1.35232,2025-09-23 01:00:00+00:00,2025-09-23 02:00:00+00:00
321,1.35078,1.35148,1.35038,1.35076,2025-09-23 05:00:00+00:00,2025-09-23 06:00:00+00:00
322,1.35158,1.3523,1.35053,1.35205,2025-09-23 07:00:00+00:00,2025-09-23 08:00:00+00:00
323,1.3511,1.35206,1.35062,1.35146,2025-09-23 11:00:00+00:00,2025-09-23 12:00:00+00:00
324,1.35168,1.3522,1.35135,1.35168,2025-09-23 18:00:00+00:00,2025-09-23 19:00:00+00:00
325,1.35253,1.35276,1.35221,1.35243,2025-09-23 23:00:00+00:00,2025-09-24 00:00:00+00:00
326,1.35243,1.35263,1.35142,1.3515,2025-09-24 00:00:00+00:00,2025-09-24 01:00:00+00:00
327,1.3511,1.35162,1.35099,1.35112,2025-09-24 02:00:00+00:00,2025-09-24 03:00:00+00:00
328,1.3509,1.35123,1.35012,1.35066,2025-09-24 05:00:00+00:00,2025-09-24 06:00:00+00:00
329,1.35066,1.35113,1.34922,1.34989,2025-09-24 06:00:00+00:00,2025-09-24 07:00:00+00:00
330,1.34838,1.34878,1.34712,1.34777,2025-09-24 09:00:00+00:00,2025-09-24 10:00:00+00:00
331,1.34776,1.34796,1.34644,1.34644,2025-09-24 10:00:00+00:00,2025-09-24 11:00:00+00:00
332,1.34644,1.347,1.34553,1.34576,2025-09-24 11:00:00+00:00,2025-09-24 12:00:00+00:00
333,1.34458,1.3448,1.34266,1.34374,2025-09-24 13:00:00+00:00,2025-09-24 14:00:00+00:00
334,1.34513,1.34567,1.34443,1.34473,2025-09-24 15:00:00+00:00,2025-09-24 16:00:00+00:00
335,1.34472,1.34496,1.34392,1.34428,2025-09-24 16:00:00+00:00,2025-09-24 17:00:00+00:00
336,1.3451,1.34538,1.34488,1.34494,2025-09-24 23:00:00+00:00,2025-09-25 00:00:00+00:00
337,1.34587,1.34629,1.34556,1.34614,2025-09-25 03:00:00+00:00,2025-09-25 04:00:00+00:00
338,1.34615,1.34647,1.34602,1.3463,2025-09-25 04:00:00+00:00,2025-09-25 05:00:00+00:00
339,1.34631,1.34632,1.34533,1.3455,2025-09-25 05:00:00+00:00,2025-09-25 06:00:00+00:00
340,1.34546,1.34671,1.34498,1.34646,2025-09-25 06:00:00+00:00,2025-09-25 07:00:00+00:00
341,1.345,1.34567,1.34464,1.34465,2025-09-25 10:00:00+00:00,2025-09-25 11:00:00+00:00
342,1.34464,1.3448,1.34178,1.34218,2025-09-25 11:00:00+00:00,2025-09-25 12:00:00+00:00
343,1.34217,1.34232,1.33723,1.33838,2025-09-25 12:00:00+00:00,2025-09-25 13:00:00+00:00
344,1.33836,1.33946,1.33634,1.33707,2025-09-25 13:00:00+00:00,2025-09-25 14:00:00+00:00
345,1.33477,1.33518,1.33412,1.33484,2025-09-25 15:00:00+00:00,2025-09-25 16:00:00+00:00
346,1.33486,1.33574,1.33362,1.33394,2025-09-25 16:00:00+00:00,2025-09-25 17:00:00+00:00
347,1.3334,1.33408,1.33338,1.33369,2025-09-25 19:00:00+00:00,2025-09-25 20:00:00+00:00
348,1.33408,1.3346,1.334,1.3344,2025-09-25 22:00:00+00:00,2025-09-25 23:00:00+00:00
349,1.3344,1.3344,1.33325,1.33354,2025-09-25 23:00:00+00:00,2025-09-26 00:00:00+00:00
350,1.33454,1.33484,1.33396,1.33419,2025-09-26 01:00:00+00:00,2025-09-26 02:00:00+00:00
351,1.335,1.33544,1.33487,1.3354,2025-09-26 03:00:00+00:00,2025-09-26 04:00:00+00:00
352,1.33544,1.33578,1.33527,1.3354,2025-09-26 05:00:00+00:00,2025-09-26 06:00:00+00:00
353,1.33651,1.33664,1.33506,1.33527,2025-09-26 09:00:00+00:00,2025-09-26 10:00:00+00:00
354,1.33461,1.33564,1.33438,1.33505,2025-09-26 11:00:00+00:00,2025-09-26 12:00:00+00:00
355,1.33502,1.33772,1.33486,1.3377,2025-09-26 12:00:00+00:00,2025-09-26 13:00:00+00:00
356,1.33772,1.33883,1.33754,1.33849,2025-09-26 13:00:00+00:00,2025-09-26 14:00:00+00:00
357,1.33984,1.34077,1.33982,1.3405,2025-09-26 17:00:00+00:00,2025-09-26 18:00:00+00:00
358,1.34098,1.34099,1.34036,1.3408,2025-09-26 19:00:00+00:00,2025-09-26 20:00:00+00:00
359,1.34037,1.34062,1.3399,1.34044,2025-09-28 22:00:00+00:00,2025-09-28 23:00:00+00:00
360,1.34047,1.34114,1.34038,1.34074,2025-09-28 23:00:00+00:00,2025-09-29 00:00:00+00:00
361,1.34075,1.3425,1.34068,1.3424,2025-09-29 00:00:00+00:00,2025-09-29 01:00:00+00:00
362,1.3424,1.34285,1.34164,1.34268,2025-09-29 01:00:00+00:00,2025-09-29 02:00:00+00:00
363,1.34298,1.34346,1.3429,1.34321,2025-09-29 03:00:00+00:00,2025-09-29 04:00:00+00:00
364,1.3442,1.34426,1.34342,1.34382,2025-09-29 06:00:00+00:00,2025-09-29 07:00:00+00:00
365,1.34381,1.34499,1.34366,1.34466,2025-09-29 07:00:00+00:00,2025-09-29 08:00:00+00:00
366,1.34468,1.34504,1.34316,1.34356,2025-09-29 08:00:00+00:00,2025-09-29 09:00:00+00:00
367,1.34355,1.34429,1.343,1.34314,2025-09-29 09:00:00+00:00,2025-09-29 10:00:00+00:00
368,1.34312,1.34332,1.34252,1.34283,2025-09-29 10:00:00+00:00,2025-09-29 11:00:00+00:00
369,1.34284,1.34476,1.34245,1.34474,2025-09-29 11:00:00+00:00,2025-09-29 12:00:00+00:00
370,1.34516,1.34522,1.34376,1.34384,2025-09-29 13:00:00+00:00,2025-09-29 14:00:00+00:00
371,1.34324,1.34361,1.34264,1.3431,2025-09-29 16:00:00+00:00,2025-09-29 17:00:00+00:00
372,1.3431,1.34342,1.34238,1.3425,2025-09-29 17:00:00+00:00,2025-09-29 18:00:00+00:00
373,1.34379,1.34386,1.34342,1.34362,2025-09-29 19:00:00+00:00,2025-09-29 20:00:00+00:00
374,1.3436,1.34361,1.34294,1.34309,2025-09-29 20:00:00+00:00,2025-09-29 21:00:00+00:00
375,1.34294,1.34314,1.34265,1.34282,2025-09-29 21:00:00+00:00,2025-09-29 22:00:00+00:00
376,1.34282,1.34342,1.34276,1.3434,2025-09-29 22:00:00+00:00,2025-09-29 23:00:00+00:00
377,1.34341,1.34379,1.34335,1.3435,2025-09-29 23:00:00+00:00,2025-09-30 00:00:00+00:00
378,1.3423,1.34322,1.34206,1.3431,2025-09-30 02:00:00+00:00,2025-09-30 03:00:00+00:00
379,1.34458,1.34496,1.34409,1.34446,2025-09-30 09:00:00+00:00,2025-09-30 10:00:00+00:00
380,1.34426,1.34504,1.34136,1.34435,2025-09-30 13:00:00+00:00,2025-09-30 14:00:00+00:00
381,1.3459,1.34639,1.34497,1.34509,2025-09-30 17:00:00+00:00,2025-09-30 18:00:00+00:00
382,1.34457,1.3452,1.34427,1.34439,2025-09-30 22:00:00+00:00,2025-09-30 23:00:00+00:00
383,1.34441,1.345,1.34424,1.34426,2025-09-30 23:00:00+00:00,2025-10-01 00:00:00+00:00
384,1.34414,1.34428,1.34362,1.3441,2025-10-01 03:00:00+00:00,2025-10-01 04:00:00+00:00
385,1.34674,1.34805,1.34666,1.34674,2025-10-01 08:00:00+00:00,2025-10-01 09:00:00+00:00
386,1.34645,1.3476,1.3458,1.34712,2025-10-01 10:00:00+00:00,2025-10-01 11:00:00+00:00
387,1.34711,1.34889,1.34708,1.34821,2025-10-01 11:00:00+00:00,2025-10-01 12:00:00+00:00
388,1.35174,1.35243,1.34929,1.3507,2025-10-01 14:00:00+00:00,2025-10-01 15:00:00+00:00
389,1.34742,1.34792,1.34716,1.34728,2025-10-01 17:00:00+00:00,2025-10-01 18:00:00+00:00
390,1.3486,1.34884,1.34788,1.34799,2025-10-01 19:00:00+00:00,2025-10-01 20:00:00+00:00
391,1.348,1.34801,1.3472,1.34773,2025-10-01 20:00:00+00:00,2025-10-01 21:00:00+00:00
392,1.34794,1.34834,1.34782,1.34785,2025-10-01 23:00:00+00:00,2025-10-02 00:00:00+00:00
393,1.34784,1.34786,1.34692,1.34694,2025-10-02 00:00:00+00:00,2025-10-02 01:00:00+00:00
394,1.34842,1.34879,1.34798,1.34809,2025-10-02 02:00:00+00:00,2025-10-02 03:00:00+00:00
395,1.34812,1.34815,1.3476,1.34782,2025-10-02 03:00:00+00:00,2025-10-02 04:00:00+00:00
396,1.34755,1.34788,1.34692,1.34754,2025-10-02 05:00:00+00:00,2025-10-02 06:00:00+00:00
397,1.34755,1.34896,1.34736,1.34896,2025-10-02 06:00:00+00:00,2025-10-02 07:00:00+00:00
398,1.34898,1.35008,1.34877,1.34944,2025-10-02 07:00:00+00:00,2025-10-02 08:00:00+00:00
399,1.35044,1.35081,1.34969,1.3499,2025-10-02 09:00:00+00:00,2025-10-02 10:00:00+00:00
400,1.34989,1.34989,1.34801,1.34802,2025-10-02 10:00:00+00:00,2025-10-02 11:00:00+00:00
401,1.34804,1.34831,1.34708,1.34765,2025-10-02 11:00:00+00:00,2025-10-02 12:00:00+00:00
402,1.34764,1.34831,1.34638,1.3466,2025-10-02 12:00:00+00:00,2025-10-02 13:00:00+00:00
403,1.34658,1.34686,1.34264,1.34307,2025-10-02 13:00:00+00:00,2025-10-02 14:00:00+00:00
404,1.34207,1.34273,1.34011,1.34212,2025-10-02 15:00:00+00:00,2025-10-02 16:00:00+00:00
405,1.34392,1.34457,1.34359,1.3438,2025-10-02 17:00:00+00:00,2025-10-02 18:00:00+00:00
406,1.34468,1.34522,1.34432,1.34432,2025-10-02 19:00:00+00:00,2025-10-02 20:00:00+00:00
407,1.34448,1.34463,1.34352,1.34356,2025-10-03 04:00:00+00:00,2025-10-03 05:00:00+00:00
408,1.34324,1.3444,1.34289,1.34342,2025-10-03 06:00:00+00:00,2025-10-03 07:00:00+00:00
409,1.34526,1.34554,1.34448,1.3449,2025-10-03 11:00:00+00:00,2025-10-03 12:00:00+00:00
410,1.34491,1.34599,1.3437,1.34583,2025-10-03 12:00:00+00:00,2025-10-03 13:00:00+00:00
411,1.34584,1.3469,1.34506,1.34648,2025-10-03 13:00:00+00:00,2025-10-03 14:00:00+00:00
412,1.34663,1.34779,1.34573,1.3472,2025-10-03 14:00:00+00:00,2025-10-03 15:00:00+00:00
413,1.34794,1.34847,1.34732,1.34776,2025-10-03 16:00:00+00:00,2025-10-03 17:00:00+00:00
414,1.34712,1.3481,1.34632,1.348,2025-10-03 18:00:00+00:00,2025-10-03 19:00:00+00:00
415,1.3483,1.34868,1.34767,1.34796,2025-10-03 20:00:00+00:00,2025-10-05 21:00:00+00:00
416,1.34409,1.34557,1.34395,1.34432,2025-10-05 21:00:00+00:00,2025-10-05 22:00:00+00:00
417,1.34349,1.34388,1.34268,1.34318,2025-10-05 23:00:00+00:00,2025-10-06 00:00:00+00:00
418,1.3432,1.34404,1.34278,1.34404,2025-10-06 00:00:00+00:00,2025-10-06 01:00:00+00:00
419,1.34403,1.34508,1.34355,1.34498,2025-10-06 01:00:00+00:00,2025-10-06 02:00:00+00:00
420,1.34548,1.34586,1.34518,1.34522,2025-10-06 03:00:00+00:00,2025-10-06 04:00:00+00:00
421,1.34521,1.34552,1.34456,1.3447,2025-10-06 04:00:00+00:00,2025-10-06 05:00:00+00:00
422,1.34416,1.34646,1.34364,1.34436,2025-10-06 07:00:00+00:00,2025-10-06 08:00:00+00:00
423,1.3436,1.34392,1.34241,1.34372,2025-10-06 09:00:00+00:00,2025-10-06 10:00:00+00:00
424,1.34224,1.3432,1.34165,1.3425,2025-10-06 11:00:00+00:00,2025-10-06 12:00:00+00:00
425,1.34248,1.34406,1.34233,1.34377,2025-10-06 12:00:00+00:00,2025-10-06 13:00:00+00:00
426,1.34376,1.34648,1.34375,1.34616,2025-10-06 13:00:00+00:00,2025-10-06 14:00:00+00:00
427,1.34749,1.34769,1.3466,1.34754,2025-10-06 16:00:00+00:00,2025-10-06 17:00:00+00:00
428,1.34844,1.34847,1.34778,1.34824,2025-10-07 00:00:00+00:00,2025-10-07 01:00:00+00:00
429,1.3476,1.3481,1.34746,1.34763,2025-10-07 03:00:00+00:00,2025-10-07 04:00:00+00:00
430,1.34762,1.34808,1.34679,1.34698,2025-10-07 04:00:00+00:00,2025-10-07 05:00:00+00:00
431,1.34698,1.3471,1.34547,1.346,2025-10-07 05:00:00+00:00,2025-10-07 06:00:00+00:00
432,1.34601,1.34602,1.34448,1.34529,2025-10-07 06:00:00+00:00,2025-10-07 07:00:00+00:00
433,1.3437,1.34441,1.34326,1.3444,2025-10-07 09:00:00+00:00,2025-10-07 10:00:00+00:00
434,1.34442,1.34442,1.34244,1.3426,2025-10-07 10:00:00+00:00,2025-10-07 11:00:00+00:00
435,1.34012,1.34156,1.33936,1.34144,2025-10-07 12:00:00+00:00,2025-10-07 13:00:00+00:00
436,1.34144,1.34281,1.34097,1.3418,2025-10-07 13:00:00+00:00,2025-10-07 14:00:00+00:00
437,1.3418,1.34336,1.34143,1.34315,2025-10-07 14:00:00+00:00,2025-10-07 15:00:00+00:00
438,1.34427,1.34522,1.344,1.34408,2025-10-07 17:00:00+00:00,2025-10-07 18:00:00+00:00
439,1.34409,1.34417,1.34291,1.343,2025-10-07 18:00:00+00:00,2025-10-07 19:00:00+00:00
440,1.34214,1.34262,1.34188,1.3425,2025-10-07 20:00:00+00:00,2025-10-07 21:00:00+00:00
441,1.3431,1.34315,1.3426,1.34306,2025-10-07 21:00:00+00:00,2025-10-07 22:00:00+00:00
442,1.3431,1.34317,1.34252,1.34254,2025-10-07 22:00:00+00:00,2025-10-07 23:00:00+00:00
443,1.34254,1.34266,1.34198,1.34206,2025-10-07 23:00:00+00:00,2025-10-08 00:00:00+00:00
444,1.34206,1.34216,1.3412,1.34158,2025-10-08 00:00:00+00:00,2025-10-08 01:00:00+00:00
445,1.33937,1.33937,1.3385,1.33916,2025-10-08 05:00:00+00:00,2025-10-08 06:00:00+00:00
446,1.33916,1.33978,1.33841,1.33968,2025-10-08 06:00:00+00:00,2025-10-08 07:00:00+00:00
447,1.34174,1.34262,1.34055,1.34086,2025-10-08 08:00:00+00:00,2025-10-08 09:00:00+00:00
448,1.34124,1.34165,1.3401,1.34075,2025-10-08 11:00:00+00:00,2025-10-08 12:00:00+00:00
449,1.34076,1.34217,1.34075,1.34194,2025-10-08 12:00:00+00:00,2025-10-08 13:00:00+00:00
450,1.34242,1.34386,1.3419,1.3421,2025-10-08 14:00:00+00:00,2025-10-08 15:00:00+00:00
451,1.33874,1.33878,1.33794,1.33805,2025-10-08 17:00:00+00:00,2025-10-08 18:00:00+00:00
452,1.33804,1.33897,1.3371,1.33894,2025-10-08 18:00:00+00:00,2025-10-08 19:00:00+00:00
453,1.33896,1.34006,1.33896,1.33998,2025-10-08 19:00:00+00:00,2025-10-08 20:00:00+00:00
454,1.34047,1.3408,1.3402,1.34064,2025-10-08 22:00:00+00:00,2025-10-08 23:00:00+00:00
455,1.34068,1.34068,1.33994,1.34004,2025-10-08 23:00:00+00:00,2025-10-09 00:00:00+00:00
456,1.34151,1.3416,1.34086,1.34126,2025-10-09 04:00:00+00:00,2025-10-09 05:00:00+00:00
457,1.34127,1.34168,1.34052,1.34057,2025-10-09 05:00:00+00:00,2025-10-09 06:00:00+00:00
458,1.34058,1.34071,1.3358,1.33642,2025-10-09 06:00:00+00:00,2025-10-09 07:00:00+00:00
459,1.33528,1.3364,1.33426,1.3362,2025-10-09 08:00:00+00:00,2025-10-09 09:00:00+00:00
460,1.33702,1.3382,1.33587,1.33752,2025-10-09 11:00:00+00:00,2025-10-09 12:00:00+00:00
461,1.33848,1.33954,1.33562,1.33687,2025-10-09 13:00:00+00:00,2025-10-09 14:00:00+00:00
462,1.33688,1.33689,1.33261,1.33322,2025-10-09 14:00:00+00:00,2025-10-09 15:00:00+00:00
463,1.3294,1.33034,1.32886,1.32984,2025-10-09 17:00:00+00:00,2025-10-09 18:00:00+00:00
464,1.32814,1.32982,1.32814,1.32967,2025-10-09 19:00:00+00:00,2025-10-09 20:00:00+00:00
465,1.33002,1.33042,1.32928,1.33029,2025-10-09 23:00:00+00:00,2025-10-10 00:00:00+00:00
466,1.33021,1.3311,1.3301,1.33082,2025-10-10 02:00:00+00:00,2025-10-10 03:00:00+00:00
467,1.3309,1.33145,1.33068,1.33068,2025-10-10 05:00:00+00:00,2025-10-10 06:00:00+00:00
468,1.32961,1.33065,1.3279,1.33032,2025-10-10 07:00:00+00:00,2025-10-10 08:00:00+00:00
469,1.33031,1.3313,1.32979,1.33082,2025-10-10 08:00:00+00:00,2025-10-10 09:00:00+00:00
470,1.33082,1.33093,1.3287,1.3291,2025-10-10 09:00:00+00:00,2025-10-10 10:00:00+00:00
471,1.32621,1.32782,1.3262,1.32722,2025-10-10 11:00:00+00:00,2025-10-10 12:00:00+00:00
472,1.32796,1.3282,1.32687,1.32776,2025-10-10 13:00:00+00:00,2025-10-10 14:00:00+00:00
473,1.32774,1.33095,1.32724,1.33028,2025-10-10 14:00:00+00:00,2025-10-10 15:00:00+00:00
474,1.33465,1.33548,1.33422,1.335,2025-10-10 19:00:00+00:00,2025-10-10 20:00:00+00:00
475,1.3341,1.33546,1.3337,1.33422,2025-10-12 22:00:00+00:00,2025-10-12 23:00:00+00:00
476,1.33424,1.3348,1.33354,1.33358,2025-10-12 23:00:00+00:00,2025-10-13 00:00:00+00:00
477,1.33358,1.33508,1.33354,1.33508,2025-10-13 00:00:00+00:00,2025-10-13 01:00:00+00:00
478,1.33522,1.33553,1.33486,1.33536,2025-10-13 03:00:00+00:00,2025-10-13 04:00:00+00:00
479,1.33534,1.33604,1.33525,1.33566,2025-10-13 04:00:00+00:00,2025-10-13 05:00:00+00:00
480,1.33482,1.33665,1.33461,1.33486,2025-10-13 06:00:00+00:00,2025-10-13 07:00:00+00:00
481,1.33485,1.335,1.333,1.33349,2025-10-13 07:00:00+00:00,2025-10-13 08:00:00+00:00
482,1.33321,1.33406,1.33311,1.33342,2025-10-13 18:00:00+00:00,2025-10-13 19:00:00+00:00
483,1.33309,1.3335,1.33299,1.33334,2025-10-13 20:00:00+00:00,2025-10-13 21:00:00+00:00
484,1.33312,1.33353,1.33267,1.33322,2025-10-13 23:00:00+00:00,2025-10-14 00:00:00+00:00
485,1.33323,1.33384,1.33256,1.33364,2025-10-14 00:00:00+00:00,2025-10-14 01:00:00+00:00
486,1.33438,1.33502,1.334,1.33451,2025-10-14 03:00:00+00:00,2025-10-14 04:00:00+00:00
487,1.33452,1.33528,1.33434,1.33522,2025-10-14 04:00:00+00:00,2025-10-14 05:00:00+00:00
488,1.33522,1.33523,1.33404,1.3341,2025-10-14 05:00:00+00:00,2025-10-14 06:00:00+00:00
489,1.33411,1.33414,1.32748,1.32803,2025-10-14 06:00:00+00:00,2025-10-14 07:00:00+00:00
490,1.32802,1.32834,1.32525,1.3257,2025-10-14 07:00:00+00:00,2025-10-14 08:00:00+00:00
491,1.32688,1.32726,1.32486,1.32616,2025-10-14 12:00:00+00:00,2025-10-14 13:00:00+00:00
492,1.32613,1.3296,1.32608,1.3282,2025-10-14 13:00:00+00:00,2025-10-14 14:00:00+00:00
493,1.32818,1.33032,1.32795,1.32968,2025-10-14 14:00:00+00:00,2025-10-14 15:00:00+00:00
494,1.33278,1.33323,1.33224,1.33255,2025-10-14 19:00:00+00:00,2025-10-14 20:00:00+00:00
495,1.3319,1.33247,1.3317,1.33216,2025-10-14 23:00:00+00:00,2025-10-15 00:00:00+00:00
496,1.33216,1.33309,1.332,1.33286,2025-10-15 00:00:00+00:00,2025-10-15 01:00:00+00:00
497,1.33286,1.33408,1.33257,1.33402,2025-10-15 01:00:00+00:00,2025-10-15 02:00:00+00:00
498,1.3349,1.3359,1.33466,1.33526,2025-10-15 05:00:00+00:00,2025-10-15 06:00:00+00:00
499,1.33526,1.33736,1.33506,1.33626,2025-10-15 06:00:00+00:00,2025-10-15 07:00:00+00:00
500,1.33458,1.33572,1.3336,1.3351,2025-10-15 09:00:00+00:00,2025-10-15 10:00:00+00:00
501,1.33648,1.33667,1.33501,1.3352,2025-10-15 11:00:00+00:00,2025-10-15 12:00:00+00:00
502,1.33459,1.33528,1.3335,1.33498,2025-10-15 13:00:00+00:00,2025-10-15 14:00:00+00:00
503,1.33497,1.3367,1.33466,1.33651,2025-10-15 14:00:00+00:00,2025-10-15 15:00:00+00:00
504,1.3394,1.33948,1.33844,1.33908,2025-10-15 16:00:00+00:00,2025-10-15 17:00:00+00:00
505,1.3377,1.33871,1.33704,1.33828,2025-10-15 18:00:00+00:00,2025-10-15 19:00:00+00:00
506,1.3383,1.33938,1.33828,1.33936,2025-10-15 19:00:00+00:00,2025-10-15 20:00:00+00:00
507,1.34013,1.34034,1.33924,1.33938,2025-10-15 21:00:00+00:00,2025-10-15 22:00:00+00:00
508,1.3404,1.34048,1.34004,1.34033,2025-10-15 23:00:00+00:00,2025-10-16 00:00:00+00:00
509,1.34034,1.34286,1.34,1.34222,2025-10-16 00:00:00+00:00,2025-10-16 01:00:00+00:00
510,1.34366,1.34398,1.34286,1.3431,2025-10-16 02:00:00+00:00,2025-10-16 03:00:00+00:00
511,1.3431,1.3432,1.34219,1.3422,2025-10-16 03:00:00+00:00,2025-10-16 04:00:00+00:00
512,1.34142,1.3421,1.34118,1.3417,2025-10-16 05:00:00+00:00,2025-10-16 06:00:00+00:00
513,1.3417,1.3423,1.3404,1.34108,2025-10-16 06:00:00+00:00,2025-10-16 07:00:00+00:00
514,1.34106,1.34279,1.34084,1.34266,2025-10-16 07:00:00+00:00,2025-10-16 08:00:00+00:00
515,1.34339,1.34456,1.34217,1.34406,2025-10-16 11:00:00+00:00,2025-10-16 12:00:00+00:00
516,1.34405,1.3449,1.3424,1.34478,2025-10-16 12:00:00+00:00,2025-10-16 13:00:00+00:00
517,1.34228,1.34334,1.3415,1.34267,2025-10-16 16:00:00+00:00,2025-10-16 17:00:00+00:00
518,1.34374,1.34455,1.3436,1.3444,2025-10-16 23:00:00+00:00,2025-10-17 00:00:00+00:00
519,1.34442,1.34522,1.34402,1.34472,2025-10-17 00:00:00+00:00,2025-10-17 01:00:00+00:00
