index,que_time,path_start_time,cross_time,return_time,start_pos,cross_pos,return_pos,direction,trigger,breakout_level,PTarget,Outer,max_pips_before_BE,cross_to_BE_minutes,cross_to_BE_time,fib_236,fib_382,fib_50,fib_618,fib_764,highest_high_above_trigger,time_highest,lowest_low_below_trigger,time_lowest,Break_evenKey,BEKeyTouches,Trade_survived_BEKey,PTarget_after_BEKey,Outer_after_BEKey,MFE_after_BEKey,outer_touched,outer_closed,ptarget_touched,ptarget_closed,fib_outer_distance,fib_ptarget_distance,fib_total_spread,outer_pre_trigger,ptarget_pre_trigger,fib_236_touched,fib_236_closed,fib_382_touched,fib_382_closed,fib_50_touched,fib_50_closed,fib_618_touched,fib_618_closed,fib_764_touched,fib_764_closed,path_length_minutes
0,2025-08-26 05:00:00+00:00,2025-08-26 06:00:00+00:00,2025-08-26 06:10:00+00:00,2025-08-26 06:42:00+00:00,0,6,28,RED,1.34656,1.34586,1.34682,1.34538,,-6,-10.0,1.34648016,1.34626992,1.3460999999999999,1.34593008,1.34571984,1.3466,2025-08-26 06:00:00+00:00,1.3449,2025-08-26 06:22:00+00:00,1.3466,1,0,1,1,17.000000000000348,1,1,1,1,0.0011799999999999589,0.00025999999999992696,0.0014399999999998858,1,1,1,1,1,1,1,1,1,1,1,1,30
1,2025-08-26 11:00:00+00:00,2025-08-26 12:13:00+00:00,2025-08-26 12:30:00+00:00,2025-08-26 12:32:00+00:00,10,24,25,RED,1.3488,1.34822,1.34934,1.34767,,-13,-16.0,1.34894588,1.34870206,1.3485049999999998,1.34830794,1.3480641199999999,1.34907,2025-08-26 12:14:00+00:00,1.34798,2025-08-26 12:30:00+00:00,1.34907,1,0,1,0,10.900000000000354,0,0,1,1,0.0011300000000000754,0.0005399999999999849,0.0016700000000000603,1,1,1,1,1,1,1,1,1,1,1,0,17
2,2025-08-26 21:00:00+00:00,2025-08-26 22:06:00+00:00,2025-08-26 23:03:00+00:00,2025-08-26 23:05:00+00:00,6,63,65,RED,1.34808,1.34786,1.34824,1.34768,,-30,-30.0,1.3481078400000002,1.3480260800000001,1.34796,1.34789392,1.34781216,1.34828,2025-08-26 22:33:00+00:00,1.34776,2025-08-26 23:03:00+00:00,1.34828,1,0,1,0,5.199999999998539,0,0,1,1,0.00039999999999995595,0.00016000000000016001,0.000560000000000116,1,1,1,1,1,1,1,1,1,1,1,0,61
3,2025-08-27 03:00:00+00:00,2025-08-27 04:00:00+00:00,2025-08-27 06:30:00+00:00,2025-08-27 07:01:00+00:00,0,21,38,GREEN,1.34577,1.34602,1.34556,1.34666,,-16,-136.0,1.3464004,1.3462398,1.34611,1.3459802,1.3458196,1.34656,2025-08-27 06:44:00+00:00,1.34546,2025-08-27 04:14:00+00:00,1.34546,1,0,1,0,10.999999999998789,0,0,1,1,0.0008900000000000574,0.00020999999999982144,0.0010999999999998789,1,1,1,1,1,1,1,1,1,1,1,1,40
4,2025-08-27 13:00:00+00:00,2025-08-27 14:04:00+00:00,2025-08-27 14:05:00+00:00,2025-08-27 14:06:00+00:00,2,3,4,RED,1.34472,1.34452,1.34559,1.3436,,-1,-1.0,1.3451203600000001,1.34482982,1.344595,1.34436018,1.3440696399999998,1.34494,2025-08-27 14:04:00+00:00,1.34438,2025-08-27 14:05:00+00:00,1.34494,1,0,1,0,5.60000000000116,0,0,1,1,0.0011200000000000099,0.0008700000000001484,0.0019900000000001583,1,1,1,1,1,1,1,1,0,0,0,0,4
5,2025-08-27 17:00:00+00:00,2025-08-27 18:01:00+00:00,2025-08-27 18:04:00+00:00,2025-08-27 18:28:00+00:00,1,4,23,RED,1.35016,1.34975,1.35022,1.34931,10.799999999999699,20,25.0,1.35000524,1.34987238,1.349765,1.34965762,1.34952476,,,1.34908,2025-08-27 18:13:00+00:00,1.35013,1,0,1,0,1.7000000000000348,1,1,1,1,0.0008500000000000174,5.999999999994898e-05,0.0009099999999999664,1,1,1,1,1,1,1,1,1,1,1,1,24
6,2025-08-27 22:00:00+00:00,2025-08-27 23:01:00+00:00,2025-08-27 23:02:00+00:00,2025-08-27 23:03:00+00:00,1,2,3,RED,1.34994,1.3499,1.35012,1.34962,0.9999999999998899,2,2.0,1.350002,1.349929,1.3498700000000001,1.349811,1.349738,1.35005,2025-08-27 23:04:00+00:00,1.34984,2025-08-27 23:02:00+00:00,1.35005,1,0,1,0,0.8999999999992347,0,0,1,1,0.00031999999999987594,0.000180000000000069,0.0004999999999999449,1,1,1,1,1,1,1,0,0,0,0,0,4
7,2025-08-27 23:00:00+00:00,2025-08-28 00:01:00+00:00,2025-08-28 00:07:00+00:00,2025-08-28 00:39:00+00:00,1,7,39,RED,1.35039,1.35012,1.35064,1.34984,,-6,-6.0,1.3504512,1.3503344,1.3502399999999999,1.3501456,1.3500288,1.35051,2025-08-28 00:01:00+00:00,1.34974,2025-08-28 00:27:00+00:00,1.35051,1,0,1,1,7.7000000000015945,1,1,1,1,0.0005500000000000504,0.0002500000000000835,0.0008000000000001339,1,1,1,1,1,1,1,1,1,1,1,1,40
8,2025-08-28 04:00:00+00:00,2025-08-28 05:21:00+00:00,2025-08-28 06:05:00+00:00,2025-08-28 06:27:00+00:00,21,55,76,GREEN,1.35044,1.35078,1.35033,1.35094,,-17,-18.0,1.35079604,1.35070698,1.350635,1.35056302,1.35047396,1.35134,2025-08-28 06:14:00+00:00,1.35002,2025-08-28 05:47:00+00:00,1.35002,1,0,1,1,13.199999999999878,1,1,1,1,0.0004999999999999449,0.0001100000000000545,0.0006099999999999994,1,1,1,1,1,1,1,1,1,1,1,1,57
9,2025-08-28 07:00:00+00:00,2025-08-28 08:59:00+00:00,2025-08-28 09:04:00+00:00,2025-08-28 09:46:00+00:00,15,20,57,GREEN,1.34994,1.35024,1.3488,1.35071,,-2,-2.0,1.35025924,1.34998038,1.349755,1.34952962,1.34925076,1.35074,2025-08-28 09:18:00+00:00,1.34988,2025-08-28 09:02:00+00:00,1.34988,1,0,1,1,8.60000000000083,1,0,1,1,0.0007700000000001594,0.0011399999999999189,0.0019100000000000783,1,1,1,1,1,1,1,1,1,1,1,1,44
10,2025-08-28 12:00:00+00:00,2025-08-28 13:05:00+00:00,2025-08-28 14:08:00+00:00,2025-08-28 15:24:00+00:00,4,23,67,GREEN,1.35033,1.35122,1.34976,1.35195,,-7,-18.0,1.35143316,1.3511134200000001,1.3508550000000001,1.35059658,1.35027684,1.35247,2025-08-28 14:11:00+00:00,1.3498,2025-08-28 13:50:00+00:00,1.3498,1,0,1,1,26.699999999999502,1,1,1,1,0.0016199999999999548,0.0005699999999999594,0.0021899999999999142,1,1,1,1,1,1,1,1,1,1,1,1,65
11,2025-08-28 22:00:00+00:00,2025-08-28 23:00:00+00:00,2025-08-28 23:01:00+00:00,2025-08-28 23:03:00+00:00,0,1,3,GREEN,1.35072,1.35086,1.35067,1.35114,,-1,-1.0,1.35102908,1.35096046,1.350905,1.35084954,1.35078092,1.35102,2025-08-28 23:02:00+00:00,,,1.35072,1,0,1,0,3.00000000000189,0,0,1,1,0.00042000000000008697,4.999999999988347e-05,0.00046999999999997044,1,1,0,0,1,1,1,1,1,1,1,1,5
12,2025-08-29 01:00:00+00:00,2025-08-29 02:00:00+00:00,2025-08-29 02:17:00+00:00,2025-08-29 03:04:00+00:00,0,15,57,GREEN,1.34986,1.35032,1.34958,1.35116,,-15,-17.0,1.35078712,1.3505564399999999,1.3503699999999998,1.35018356,1.34995288,1.35048,2025-08-29 02:51:00+00:00,,,1.34986,1,0,1,0,6.199999999998429,0,0,1,1,0.0012999999999998568,0.000280000000000058,0.0015799999999999148,1,1,0,0,0,0,1,1,1,1,1,1,59
13,2025-08-29 04:00:00+00:00,2025-08-29 05:00:00+00:00,2025-08-29 05:02:00+00:00,2025-08-29 05:03:00+00:00,0,2,3,RED,1.35032,1.35025,1.35032,1.34944,,-1,-1.0,1.35011232,1.34998384,1.34988,1.34977616,1.34964768,1.35033,2025-08-29 05:01:00+00:00,1.35008,2025-08-29 05:04:00+00:00,1.35033,1,0,1,0,2.500000000000835,0,0,1,1,0.0008799999999999919,0.0,0.0008799999999999919,1,1,1,1,0,0,0,0,0,0,0,0,5
14,2025-08-29 18:00:00+00:00,2025-08-29 19:06:00+00:00,2025-08-29 19:11:00+00:00,2025-08-29 19:30:00+00:00,6,11,29,RED,1.35104,1.35082,1.35112,1.34997,,-5,-5.0,1.3508486,1.3506807,1.3505449999999999,1.3504093,1.3502414,1.35108,2025-08-29 19:06:00+00:00,1.35058,2025-08-29 19:20:00+00:00,1.35108,1,0,1,0,5.00000000000167,0,0,1,1,0.0010700000000001264,8.000000000008001e-05,0.0011500000000002064,1,1,1,1,1,1,0,0,0,0,0,0,25
15,2025-09-01 04:00:00+00:00,2025-09-01 05:01:00+00:00,2025-09-01 05:05:00+00:00,2025-09-01 05:08:00+00:00,1,5,8,GREEN,1.35184,1.352,1.35168,1.35238,,-3,-3.0,1.3522147999999998,1.3521125999999999,1.35203,1.3519474,1.3518452,1.3522,2025-09-01 05:05:00+00:00,1.35174,2025-09-01 05:02:00+00:00,1.35174,1,0,1,0,4.60000000000127,0,0,1,1,0.0005399999999999849,0.00015999999999993797,0.0006999999999999229,1,1,0,0,1,1,1,1,1,1,1,1,9
16,2025-09-01 05:00:00+00:00,2025-09-01 06:12:00+00:00,2025-09-01 06:20:00+00:00,2025-09-01 06:21:00+00:00,5,13,14,RED,1.35253,1.35238,1.35278,1.35174,,-8,-8.0,1.35253456,1.35238272,1.35226,1.35213728,1.35198544,1.35286,2025-09-01 06:12:00+00:00,1.3523,2025-09-01 06:20:00+00:00,1.35286,1,0,1,0,5.599999999998939,0,0,1,1,0.0007900000000000684,0.0002500000000000835,0.001040000000000152,1,1,1,1,1,0,0,0,0,0,0,0,11
17,2025-09-01 06:00:00+00:00,2025-09-01 07:07:00+00:00,2025-09-01 07:09:00+00:00,2025-09-01 07:57:00+00:00,6,8,45,RED,1.35318,1.35278,1.35408,1.3523,,-2,-2.0,1.35365992,1.35340004,1.3531900000000001,1.35297996,1.35272008,1.35322,2025-09-01 07:07:00+00:00,1.35192,2025-09-01 07:42:00+00:00,1.35322,1,0,1,1,13.000000000000789,1,1,1,1,0.0008799999999999919,0.0008999999999999009,0.0017799999999998928,1,1,1,1,1,1,1,1,1,1,1,1,41
18,2025-09-01 14:00:00+00:00,2025-09-01 15:00:00+00:00,2025-09-01 15:03:00+00:00,2025-09-01 15:28:00+00:00,0,3,12,RED,1.35474,1.3545,1.35498,1.35348,,-2,-2.0,1.354626,1.3544070000000001,1.35423,1.354053,1.353834,1.3549,2025-09-01 15:01:00+00:00,1.35393,2025-09-01 15:26:00+00:00,1.3549,1,0,1,0,9.699999999999154,0,0,1,1,0.0012600000000000389,0.00024000000000001798,0.0015000000000000568,1,1,1,1,1,1,1,0,1,0,0,0,14
19,2025-09-01 18:00:00+00:00,2025-09-01 19:00:00+00:00,2025-09-01 21:05:00+00:00,2025-09-01 21:06:00+00:00,0,23,24,RED,1.35438,1.35433,1.35441,1.35416,0.9999999999998899,0,0.0,1.3543509999999999,1.3543144999999999,1.354285,1.3542555,1.354219,1.35471,2025-09-01 21:05:00+00:00,1.35422,2025-09-01 21:06:00+00:00,1.35471,1,0,1,0,4.900000000001015,0,0,1,1,0.00021999999999988695,2.999999999997449e-05,0.00024999999999986144,1,1,1,1,1,1,1,1,1,0,0,0,26
20,2025-09-01 19:00:00+00:00,2025-09-01 20:09:00+00:00,2025-09-01 21:05:00+00:00,2025-09-01 22:05:00+00:00,9,56,109,RED,1.35488,1.35441,1.35495,1.35436,,-29,-37.0,1.3548107600000001,1.35472462,1.3546550000000002,1.35458538,1.35449924,1.355,2025-09-01 20:28:00+00:00,1.3541,2025-09-01 21:43:00+00:00,1.355,1,0,1,1,8.999999999999009,1,1,1,1,0.000520000000000076,7.00000000000145e-05,0.0005900000000000905,1,1,1,1,1,1,1,1,1,1,1,1,102
21,2025-09-01 21:00:00+00:00,2025-09-01 22:01:00+00:00,2025-09-01 22:01:00+00:00,2025-09-01 22:30:00+00:00,1,1,30,GREEN,1.35431,1.35447,1.35406,1.35471,3.900000000001125,4,4.0,1.3545566,1.3544617,1.3543850000000002,1.3543083,1.3542134000000001,1.35488,2025-09-01 22:16:00+00:00,,,1.35442,1,0,1,1,4.60000000000127,1,1,1,1,0.000400000000000178,0.00024999999999986144,0.0006500000000000394,0,0,1,1,1,1,1,1,1,1,1,1,31
22,2025-09-02 02:00:00+00:00,2025-09-02 03:20:00+00:00,2025-09-02 06:35:00+00:00,2025-09-02 06:36:00+00:00,20,86,87,GREEN,1.35292,1.35331,1.35237,1.35364,,-3,-3.0,1.35334028,1.35315486,1.353005,1.35285514,1.35266972,1.35336,2025-09-02 06:35:00+00:00,1.35253,2025-09-02 06:32:00+00:00,1.35253,1,0,1,0,8.299999999998864,0,0,1,1,0.0007200000000000539,0.0005499999999998284,0.0012699999999998823,1,1,1,1,1,1,1,1,1,1,1,1,69
23,2025-09-02 05:00:00+00:00,2025-09-02 06:17:00+00:00,2025-09-02 06:17:00+00:00,2025-09-02 06:25:00+00:00,13,13,19,GREEN,1.35211,1.35232,1.35202,1.3531,3.300000000001635,1,1.0,1.35284512,1.35268744,1.35256,1.35243256,1.35227488,1.35253,2025-09-02 06:22:00+00:00,,,1.35214,2,0,1,0,3.900000000001125,0,0,1,1,0.0009900000000000464,8.999999999992347e-05,0.0010799999999999699,0,0,0,0,0,0,0,0,1,0,1,1,8
24,2025-09-02 10:00:00+00:00,2025-09-02 11:31:00+00:00,2025-09-02 11:38:00+00:00,2025-09-02 11:39:00+00:00,13,17,18,GREEN,1.33789,1.33815,1.33716,1.34016,,-1,-1.0,1.339452,1.339014,1.33866,1.338306,1.3378679999999998,1.33824,2025-09-02 11:38:00+00:00,1.33745,2025-09-02 11:37:00+00:00,1.33745,1,0,1,0,7.900000000000684,0,0,1,1,0.0022699999999999942,0.0007300000000001194,0.0030000000000001137,1,1,0,0,0,0,0,0,0,0,1,1,7
25,2025-09-02 14:00:00+00:00,2025-09-02 15:02:00+00:00,2025-09-02 15:05:00+00:00,2025-09-02 15:06:00+00:00,2,5,6,RED,1.33972,1.33961,1.34188,1.33906,2.2999999999995246,2,2.0,1.3412144799999999,1.3408027599999999,1.3404699999999998,1.34013724,1.33972552,1.34004,2025-09-02 15:07:00+00:00,1.33949,2025-09-02 15:06:00+00:00,1.34004,1,0,1,0,3.9999999999995595,0,0,1,1,0.000660000000000105,0.0021599999999999397,0.0028200000000000447,1,1,1,1,1,1,1,1,1,1,1,1,6
26,2025-09-02 20:00:00+00:00,2025-09-02 21:14:00+00:00,2025-09-02 21:18:00+00:00,2025-09-02 21:59:00+00:00,9,13,54,RED,1.33958,1.33914,1.33976,1.33905,6.999999999999229,42,42.0,1.33959244,1.3394887800000002,1.3394050000000002,1.33932122,1.33921756,,,1.33888,2025-09-02 21:38:00+00:00,1.33948,1,0,1,0,1.1999999999989797,1,1,1,1,0.0005299999999999194,0.000180000000000069,0.0007099999999999884,1,1,1,1,1,1,1,1,1,1,1,1,47
27,2025-09-02 23:00:00+00:00,2025-09-03 06:30:00+00:00,2025-09-03 06:33:00+00:00,2025-09-03 06:53:00+00:00,5,7,25,GREEN,1.33813,1.33866,1.33813,1.33879,,-2,-3.0,1.33863424,1.33853788,1.33846,1.33838212,1.33828576,1.3391,2025-09-03 06:39:00+00:00,1.33788,2025-09-03 06:30:00+00:00,1.33788,1,0,1,1,12.199999999999989,1,1,1,1,0.0006599999999998829,0.0,0.0006599999999998829,1,1,1,1,1,1,1,1,1,1,1,1,22
28,2025-09-03 00:00:00+00:00,2025-09-03 01:02:00+00:00,2025-09-03 06:30:00+00:00,2025-09-03 06:56:00+00:00,2,14,22,GREEN,1.3376,1.33813,1.33724,1.33834,,-8,-9.0,1.3380804000000002,1.3379198,1.33779,1.3376602,1.3374996,1.3386,2025-09-03 06:51:00+00:00,1.33715,2025-09-03 06:21:00+00:00,1.33715,1,0,1,1,14.499999999999513,1,1,1,1,0.000740000000000185,0.00035999999999991594,0.001100000000000101,1,1,1,1,1,1,1,1,1,1,1,1,22
29,2025-09-03 01:00:00+00:00,2025-09-03 02:00:00+00:00,2025-09-03 02:07:00+00:00,2025-09-03 02:13:00+00:00,0,7,13,GREEN,1.33694,1.33724,1.33674,1.3378,,-6,-6.0,1.33754984,1.33739508,1.3372700000000002,1.33714492,1.33699016,1.33742,2025-09-03 02:08:00+00:00,1.33682,2025-09-03 02:01:00+00:00,1.33682,2,0,1,0,6.00000000000156,0,0,1,1,0.0008600000000000829,0.00019999999999997797,0.001060000000000061,1,1,0,0,1,0,1,1,1,1,1,1,15
30,2025-09-03 06:00:00+00:00,2025-09-03 07:02:00+00:00,2025-09-03 07:03:00+00:00,2025-09-03 07:04:00+00:00,2,3,4,RED,1.33765,1.3374,1.33911,1.33621,3.4000000000000696,0,0.0,1.3384255999999999,1.3380022,1.33766,1.3373178,1.3368943999999998,1.33777,2025-09-03 07:03:00+00:00,1.33724,2025-09-03 07:04:00+00:00,1.33777,1,0,1,0,5.299999999999194,0,0,1,1,0.0014400000000001079,0.0014600000000000168,0.0029000000000001247,1,1,1,1,1,1,1,1,1,1,0,0,4
31,2025-09-03 12:00:00+00:00,2025-09-03 13:16:00+00:00,2025-09-03 13:48:00+00:00,2025-09-03 14:00:00+00:00,5,24,27,RED,1.3425,1.34127,1.343,1.34088,14.400000000001079,3,12.0,1.34249968,1.34219016,1.3419400000000001,1.3416898400000001,1.34138032,1.34314,2025-09-03 14:00:00+00:00,1.34106,2025-09-03 13:48:00+00:00,1.34314,1,0,1,0,13.900000000000023,0,0,1,1,0.0016199999999999548,0.0004999999999999449,0.0021199999999998997,1,1,1,1,1,1,1,1,1,1,1,1,24
32,2025-09-03 15:00:00+00:00,2025-09-03 16:23:00+00:00,2025-09-03 16:24:00+00:00,2025-09-03 16:25:00+00:00,19,20,21,RED,1.34478,1.34468,1.34543,1.34302,1.7000000000000348,2,2.0,1.34486124,1.34450938,1.344225,1.34394062,1.34358876,1.34502,2025-09-03 16:26:00+00:00,1.34461,2025-09-03 16:24:00+00:00,1.34502,1,0,1,0,3.20000000000098,0,0,1,1,0.0017599999999999838,0.0006499999999998174,0.002409999999999801,1,1,1,1,0,0,0,0,0,0,0,0,4
33,2025-09-03 17:00:00+00:00,2025-09-03 18:02:00+00:00,2025-09-03 18:05:00+00:00,2025-09-03 18:36:00+00:00,1,4,31,GREEN,1.34414,1.3444,1.34389,1.34586,,-3,-3.0,1.34539508,1.3451074600000001,1.344875,1.34464254,1.34435492,1.34472,2025-09-03 18:08:00+00:00,1.34386,2025-09-03 18:02:00+00:00,1.34386,1,0,1,0,8.599999999998609,0,0,1,1,0.0017200000000001658,0.00024999999999986144,0.0019700000000000273,1,1,0,0,0,0,0,0,1,0,1,1,32
34,2025-09-04 02:00:00+00:00,2025-09-04 03:01:00+00:00,2025-09-04 06:08:00+00:00,2025-09-04 06:10:00+00:00,1,44,46,GREEN,1.34312,1.34335,1.34294,1.3438,,-10,-36.0,1.3435970400000001,1.34347148,1.3433700000000002,1.34326852,1.34314296,1.34343,2025-09-04 06:09:00+00:00,1.34282,2025-09-04 05:32:00+00:00,1.34282,2,0,1,0,6.099999999999994,0,0,1,1,0.0006800000000000139,0.000180000000000069,0.0008600000000000829,1,1,0,0,0,0,1,1,1,1,1,1,47
35,2025-09-04 03:00:00+00:00,2025-09-04 04:09:00+00:00,2025-09-04 04:39:00+00:00,2025-09-04 04:40:00+00:00,9,37,38,GREEN,1.34284,1.34294,1.3426,1.34332,,-7,-7.0,1.34315008,1.34304496,1.3429600000000002,1.34287504,1.34276992,1.34305,2025-09-04 04:41:00+00:00,1.34261,2025-09-04 04:32:00+00:00,1.34261,1,0,1,0,4.3999999999999595,0,0,1,1,0.00048000000000003595,0.00024000000000001798,0.0007200000000000539,1,1,0,0,1,0,1,1,1,1,1,1,31
36,2025-09-04 11:00:00+00:00,2025-09-04 12:02:00+00:00,2025-09-04 12:04:00+00:00,2025-09-04 12:21:00+00:00,2,4,11,GREEN,1.34336,1.34378,1.34256,1.3449,23.399999999997867,8,18.0,1.34434776,1.34400612,1.3437299999999999,1.34345388,1.34311224,1.3457,2025-09-04 12:15:00+00:00,1.34318,2025-09-04 12:22:00+00:00,1.34318,1,0,1,0,3.8000000000004697,1,0,1,1,0.0015399999999998748,0.0008000000000001339,0.0023400000000000087,1,1,1,1,1,1,1,1,1,1,1,1,11
37,2025-09-04 16:00:00+00:00,2025-09-04 17:01:00+00:00,2025-09-04 17:19:00+00:00,2025-09-04 17:33:00+00:00,1,19,32,GREEN,1.34216,1.34261,1.34174,1.34396,,-14,-14.0,1.34343608,1.34311196,1.3428499999999999,1.3425880399999999,1.34226392,1.3427,2025-09-04 17:30:00+00:00,1.34191,2025-09-04 17:05:00+00:00,1.34191,1,0,1,0,7.900000000000684,0,0,1,1,0.0018000000000000238,0.00042000000000008697,0.0022200000000001108,1,1,0,0,0,0,0,0,1,1,1,1,33
38,2025-09-04 19:00:00+00:00,2025-09-04 20:00:00+00:00,2025-09-04 21:04:00+00:00,2025-09-04 21:42:00+00:00,0,59,92,RED,1.3436,1.34316,1.34366,1.34262,,-12,-16.0,1.34341456,1.34326272,1.34314,1.34301728,1.34286544,1.34376,2025-09-04 20:48:00+00:00,1.34306,2025-09-04 21:31:00+00:00,1.34376,1,0,1,0,7.0000000000014495,0,0,1,1,0.0009799999999999809,6.000000000017103e-05,0.001040000000000152,1,1,1,1,1,1,1,1,0,0,0,0,94
39,2025-09-05 01:00:00+00:00,2025-09-05 02:04:00+00:00,2025-09-05 04:36:00+00:00,2025-09-05 04:37:00+00:00,4,85,86,RED,1.34518,1.34504,1.34542,1.34469,,-69,-130.0,1.34524772,1.34514114,1.345055,1.34496886,1.34486228,1.34548,2025-09-05 02:26:00+00:00,1.34502,2025-09-05 04:36:00+00:00,1.34548,3,0,1,0,4.599999999999049,0,0,1,1,0.0004900000000001015,0.00024000000000001798,0.0007300000000001194,1,1,1,1,1,1,1,1,0,0,0,0,84
40,2025-09-05 05:00:00+00:00,2025-09-05 06:54:00+00:00,2025-09-05 07:00:00+00:00,2025-09-05 07:51:00+00:00,19,22,58,RED,1.34618,1.34548,1.34634,1.34499,11.399999999999189,36,51.0,1.3460214000000001,1.3458243,1.345665,1.3455057,1.3453085999999999,1.34632,2025-09-05 07:51:00+00:00,1.34504,2025-09-05 07:13:00+00:00,1.34632,1,0,1,0,3.4000000000000696,0,0,1,1,0.0011900000000000244,0.00016000000000016001,0.0013500000000001844,1,1,1,1,1,1,1,1,1,1,1,1,41
41,2025-09-05 09:00:00+00:00,2025-09-05 10:30:00+00:00,2025-09-05 11:33:00+00:00,2025-09-05 12:08:00+00:00,16,51,74,RED,1.34811,1.34722,1.34813,1.34674,,-23,-48.0,1.34780196,1.34759902,1.347435,1.34727098,1.3470680400000001,1.34848,2025-09-05 10:45:00+00:00,1.34607,2025-09-05 12:02:00+00:00,1.34848,1,0,1,1,24.099999999998012,1,1,1,1,0.0013699999999998713,2.0000000000131024e-05,0.0013900000000000023,1,1,1,1,1,1,1,1,1,1,1,1,60
42,2025-09-05 18:00:00+00:00,2025-09-05 19:02:00+00:00,2025-09-05 19:08:00+00:00,2025-09-05 19:31:00+00:00,2,7,26,GREEN,1.35052,1.3511,1.3501,1.35147,,-5,-6.0,1.35114668,1.35094666,1.3507850000000001,1.35062334,1.35042332,1.35116,2025-09-05 19:09:00+00:00,1.35048,2025-09-05 19:02:00+00:00,1.35048,1,0,1,0,6.800000000000139,0,0,1,1,0.0009500000000000064,0.0004199999999998649,0.0013699999999998713,1,1,1,1,1,1,1,1,1,1,1,1,26
43,2025-09-08 02:00:00+00:00,2025-09-08 03:03:00+00:00,2025-09-08 03:05:00+00:00,2025-09-08 03:06:00+00:00,3,5,6,RED,1.3504,1.35034,1.35054,1.34973,,-2,-2.0,1.35034884,1.35023058,1.350135,1.35003942,1.34992116,1.35056,2025-09-08 03:03:00+00:00,1.35012,2025-09-08 03:07:00+00:00,1.35056,1,0,1,0,4.3999999999999595,0,0,1,1,0.0006699999999999484,0.000140000000000029,0.0008099999999999774,1,1,1,1,1,0,1,0,0,0,0,0,5
44,2025-09-08 03:00:00+00:00,2025-09-08 04:49:00+00:00,2025-09-08 04:57:00+00:00,2025-09-08 04:58:00+00:00,26,34,35,GREEN,1.34957,1.34973,1.34947,1.35056,,-7,-7.0,1.35030276,1.3501436199999999,1.350015,1.34988638,1.34972724,1.34976,2025-09-08 04:57:00+00:00,1.34952,2025-09-08 04:50:00+00:00,1.34952,1,0,1,0,2.4000000000001798,0,0,1,1,0.0009900000000000464,9.999999999998899e-05,0.0010900000000000354,1,1,0,0,0,0,0,0,0,0,1,1,11
45,2025-09-08 06:00:00+00:00,2025-09-08 07:15:00+00:00,2025-09-08 10:03:00+00:00,2025-09-08 10:34:00+00:00,8,35,38,RED,1.35184,1.35039,1.35189,1.34966,,-8,-114.0,1.3513637200000002,1.35103814,1.350775,1.3505118600000001,1.35018628,1.3522,2025-09-08 08:09:00+00:00,1.35021,2025-09-08 10:04:00+00:00,1.3522,1,0,1,0,19.900000000001583,0,0,1,1,0.0021799999999998487,5.0000000000105516e-05,0.0022299999999999542,1,1,1,1,1,1,1,1,1,1,0,0,32
46,2025-09-08 12:00:00+00:00,2025-09-08 14:01:00+00:00,2025-09-08 14:13:00+00:00,2025-09-08 15:08:00+00:00,15,23,55,RED,1.35431,1.35363,1.35494,1.35274,,-8,-12.0,1.3544208,1.3540996,1.35384,1.3535804,1.3532592,1.35466,2025-09-08 14:01:00+00:00,1.35312,2025-09-08 14:58:00+00:00,1.35466,1,0,1,0,15.399999999998748,0,0,1,1,0.0015699999999998493,0.0006300000000001305,0.0021999999999999797,1,1,1,1,1,1,1,1,1,1,1,1,42
47,2025-09-08 20:00:00+00:00,2025-09-08 21:25:00+00:00,2025-09-08 21:26:00+00:00,2025-09-08 21:27:00+00:00,20,21,22,GREEN,1.35454,1.35493,1.35444,1.35511,,-1,-1.0,1.35495188,1.35485406,1.354775,1.35469594,1.3545981200000001,1.355,2025-09-08 21:26:00+00:00,,,1.35454,1,0,1,0,4.599999999999049,0,0,1,1,0.0005699999999999594,9.999999999998899e-05,0.0006699999999999484,1,1,1,0,1,0,1,0,1,1,1,1,4
48,2025-09-09 00:00:00+00:00,2025-09-09 01:44:00+00:00,2025-09-09 03:25:00+00:00,2025-09-09 03:26:00+00:00,25,31,32,RED,1.35586,1.35582,1.35625,1.35505,,-2,-2.0,1.3559668,1.3557916,1.35565,1.3555084,1.3553332,1.3562,2025-09-09 03:23:00+00:00,1.35582,2025-09-09 03:25:00+00:00,1.3562,1,0,1,0,3.8000000000004697,0,0,1,1,0.0008099999999999774,0.00038999999999989043,0.0011999999999998678,1,1,1,1,0,0,0,0,0,0,0,0,9
49,2025-09-09 01:00:00+00:00,2025-09-09 02:26:00+00:00,2025-09-09 03:05:00+00:00,2025-09-09 04:24:00+00:00,17,53,103,RED,1.35672,1.35625,1.35704,1.35531,,-28,-31.0,1.35663172,1.35637914,1.356175,1.35597086,1.35571828,1.3569,2025-09-09 02:34:00+00:00,1.35591,2025-09-09 04:02:00+00:00,1.3569,1,0,1,0,9.900000000000464,0,0,1,1,0.0014099999999999113,0.000320000000000098,0.0017300000000000093,1,1,1,1,1,1,1,1,1,0,0,0,88
50,2025-09-09 03:00:00+00:00,2025-09-09 04:00:00+00:00,2025-09-09 04:09:00+00:00,2025-09-09 06:47:00+00:00,0,9,30,GREEN,1.35597,1.35629,1.35582,1.35652,10.700000000001264,22,159.0,1.3563547999999999,1.3562526,1.35617,1.3560874,1.3559852000000001,1.35704,2025-09-09 06:43:00+00:00,1.35579,2025-09-09 06:48:00+00:00,1.35579,1,0,1,0,2.2999999999995246,1,1,1,1,0.0005500000000000504,0.00014999999999987246,0.0006999999999999229,1,1,1,1,1,1,1,1,1,1,1,1,32
51,2025-09-09 04:00:00+00:00,2025-09-09 05:16:00+00:00,2025-09-09 06:45:00+00:00,2025-09-09 07:11:00+00:00,6,46,58,RED,1.3574,1.35652,1.35756,1.35589,,-22,-40.0,1.3571658800000002,1.35692206,1.356725,1.35652794,1.35628412,1.35783,2025-09-09 06:05:00+00:00,1.35579,2025-09-09 06:48:00+00:00,1.35783,1,0,1,1,20.400000000000418,1,1,1,1,0.0015099999999999003,0.00016000000000016001,0.0016700000000000603,1,1,1,1,1,1,1,1,1,1,1,1,54
52,2025-09-09 05:00:00+00:00,2025-09-09 06:03:00+00:00,2025-09-09 06:05:00+00:00,2025-09-09 06:07:00+00:00,2,4,6,RED,1.35794,1.35756,1.35806,1.35708,,-2,-2.0,1.35782872,1.3576856400000001,1.35757,1.35745436,1.35731128,1.35822,2025-09-09 06:03:00+00:00,1.35724,2025-09-09 06:06:00+00:00,1.35822,1,0,1,0,9.799999999999809,0,0,1,1,0.0008599999999998609,0.00012000000000012001,0.0009799999999999809,1,1,1,1,1,1,1,1,1,1,1,0,6
53,2025-09-09 06:00:00+00:00,2025-09-09 07:00:00+00:00,2025-09-09 07:06:00+00:00,2025-09-09 07:37:00+00:00,0,4,25,GREEN,1.35662,1.35708,1.35579,1.35827,,-4,-6.0,1.3576847200000002,1.35732264,1.35703,1.3567373600000001,1.35637528,1.35751,2025-09-09 07:28:00+00:00,1.35645,2025-09-09 07:00:00+00:00,1.35645,1,0,1,0,10.600000000000609,0,0,1,1,0.0016500000000001513,0.0008299999999998864,0.0024800000000000377,1,1,0,0,1,1,1,1,1,1,1,1,27
54,2025-09-09 12:00:00+00:00,2025-09-09 13:04:00+00:00,2025-09-09 13:10:00+00:00,2025-09-09 13:11:00+00:00,4,10,11,GREEN,1.35543,1.35572,1.35458,1.35604,,-6,-6.0,1.3556954399999999,1.35548228,1.3553099999999998,1.3551377199999999,1.35492456,1.35586,2025-09-09 13:10:00+00:00,1.35516,2025-09-09 13:04:00+00:00,1.35516,1,0,1,0,7.0000000000014495,0,0,1,1,0.0006099999999999994,0.0008500000000000174,0.0014600000000000168,1,1,1,0,1,1,1,1,1,1,1,1,9
55,2025-09-09 15:00:00+00:00,2025-09-09 16:11:00+00:00,2025-09-09 16:12:00+00:00,2025-09-09 16:13:00+00:00,9,10,11,GREEN,1.35313,1.35321,1.35227,1.35411,,-1,-1.0,1.35367576,1.35340712,1.3531900000000001,1.35297288,1.35270424,1.3534,2025-09-09 16:14:00+00:00,1.35297,2025-09-09 16:11:00+00:00,1.35297,1,0,1,0,4.299999999999304,0,0,1,1,0.0009799999999999809,0.0008599999999998609,0.0018399999999998418,1,1,0,0,0,0,1,1,1,1,1,1,4
56,2025-09-09 18:00:00+00:00,2025-09-09 19:00:00+00:00,2025-09-09 19:34:00+00:00,2025-09-09 19:35:00+00:00,0,16,17,GREEN,1.35227,1.35248,1.35219,1.35278,,-9,-25.0,1.35264076,1.35255462,1.3524850000000002,1.35241538,1.35232924,1.35251,2025-09-09 19:34:00+00:00,1.35194,2025-09-09 19:09:00+00:00,1.35194,1,0,1,0,5.700000000001815,0,0,1,1,0.0005100000000000104,8.000000000008001e-05,0.0005900000000000905,1,1,0,0,0,0,1,0,1,1,1,1,19
57,2025-09-09 19:00:00+00:00,2025-09-09 20:00:00+00:00,2025-09-09 20:18:00+00:00,2025-09-09 20:20:00+00:00,0,18,20,GREEN,1.35194,1.35219,1.35184,1.35251,,-8,-8.0,1.35235188,1.3522540600000001,1.352175,1.3520959399999999,1.35199812,1.35221,2025-09-09 20:18:00+00:00,1.35183,2025-09-09 20:10:00+00:00,1.35183,2,0,1,0,3.7999999999982492,0,0,1,1,0.0005700000000001815,9.999999999998899e-05,0.0006700000000001705,1,1,0,0,0,0,1,0,1,1,1,1,22
58,2025-09-09 20:00:00+00:00,2025-09-09 21:29:00+00:00,2025-09-09 21:40:00+00:00,2025-09-09 21:43:00+00:00,25,36,39,RED,1.35275,1.35251,1.35278,1.35183,,-2,-2.0,1.3525558000000002,1.3524171,1.352305,1.3521929000000001,1.3520542,1.35282,2025-09-09 21:38:00+00:00,1.3525,2025-09-09 21:40:00+00:00,1.35282,1,0,1,0,3.1999999999987594,0,0,1,1,0.0009199999999998099,3.0000000000196536e-05,0.0009500000000000064,1,1,1,1,0,0,0,0,0,0,0,0,16
59,2025-09-10 02:00:00+00:00,2025-09-10 03:00:00+00:00,2025-09-10 06:36:00+00:00,2025-09-10 06:37:00+00:00,0,45,46,RED,1.35318,1.35283,1.35324,1.35209,,-27,-174.0,1.3529686,1.3528007,1.352665,1.3525293,1.3523614,1.35357,2025-09-10 03:42:00+00:00,1.35283,2025-09-10 06:36:00+00:00,1.35357,1,0,1,0,7.399999999999629,0,0,1,1,0.0010900000000000354,5.999999999994898e-05,0.0011499999999999844,1,1,1,1,0,0,0,0,0,0,0,0,48
60,2025-09-10 03:00:00+00:00,2025-09-10 04:00:00+00:00,2025-09-10 04:01:00+00:00,2025-09-10 04:02:00+00:00,0,1,2,RED,1.35328,1.35324,1.35366,1.3531,,-1,-1.0,1.3535278400000001,1.35344608,1.35338,1.35331392,1.35323216,1.35335,2025-09-10 04:00:00+00:00,1.3532,2025-09-10 04:03:00+00:00,1.35335,1,0,1,0,1.500000000000945,0,0,1,1,0.000180000000000069,0.00038000000000004697,0.000560000000000116,1,1,1,1,1,1,1,1,1,1,1,0,4
61,2025-09-10 04:00:00+00:00,2025-09-10 05:02:00+00:00,2025-09-10 05:45:00+00:00,2025-09-10 06:09:00+00:00,2,24,47,RED,1.35423,1.35366,1.35427,1.35316,,-22,-43.0,1.35400804,1.35384598,1.353715,1.35358402,1.35342196,,,1.35324,2025-09-10 05:55:00+00:00,1.35417,1,0,1,0,9.300000000000974,0,0,1,1,0.0010700000000001264,4.0000000000040004e-05,0.0011100000000001664,1,1,1,1,1,1,1,1,1,1,1,1,47
62,2025-09-10 09:00:00+00:00,2025-09-10 10:00:00+00:00,2025-09-10 10:24:00+00:00,2025-09-10 12:31:00+00:00,0,10,81,RED,1.35427,1.3534,1.35458,1.35266,17.100000000001003,70,126.0,1.35412688,1.35384656,1.3536199999999998,1.3533934399999998,1.35311312,1.3565,2025-09-10 12:30:00+00:00,1.35256,2025-09-10 12:14:00+00:00,1.3565,1,0,1,0,36.49999999999931,1,0,1,1,0.0016100000000001113,0.00030999999999981043,0.0019199999999999218,1,1,1,1,1,1,1,1,1,1,1,1,83
63,2025-09-11 00:00:00+00:00,2025-09-11 01:22:00+00:00,2025-09-11 01:30:00+00:00,2025-09-11 02:00:00+00:00,17,22,39,GREEN,1.35274,1.35332,1.3527,1.35334,,-5,-8.0,1.35318896,1.35309552,1.35302,1.35294448,1.35285104,1.3534,2025-09-11 01:30:00+00:00,1.3527,2025-09-11 01:22:00+00:00,1.3527,1,0,1,1,6.999999999999229,1,1,1,1,0.0005999999999999339,4.0000000000040004e-05,0.0006399999999999739,1,1,1,1,1,1,1,1,1,1,1,1,24
64,2025-09-11 20:00:00+00:00,2025-09-11 21:30:00+00:00,2025-09-11 21:51:00+00:00,2025-09-11 21:57:00+00:00,25,46,52,GREEN,1.35742,1.3577,1.35726,,,-21,-21.0,,,,,,1.35774,2025-09-11 21:56:00+00:00,1.35728,2025-09-11 21:30:00+00:00,1.35728,1,0,1,0,4.599999999999049,0,0,1,1,,0.00016000000000016001,,0,1,0,0,0,0,0,0,0,0,0,0,29
65,2025-09-11 22:00:00+00:00,2025-09-11 23:09:00+00:00,2025-09-11 23:12:00+00:00,2025-09-11 23:13:00+00:00,9,12,13,RED,1.35791,1.35774,1.35806,,,-3,-3.0,,,,,,1.35793,2025-09-11 23:09:00+00:00,1.35769,2025-09-11 23:12:00+00:00,1.35793,1,0,1,0,2.4000000000001798,0,0,1,1,,0.0001500000000000945,,0,1,0,0,0,0,0,0,0,0,0,0,6
66,2025-09-12 00:00:00+00:00,2025-09-12 07:20:00+00:00,2025-09-12 07:21:00+00:00,2025-09-12 07:22:00+00:00,5,6,7,GREEN,1.35728,1.35742,1.35686,,,-1,-1.0,,,,,,1.35751,2025-09-12 07:21:00+00:00,1.35718,2025-09-12 07:20:00+00:00,1.35718,2,0,1,0,3.2999999999994145,0,0,1,1,,0.00042000000000008697,,0,1,0,0,0,0,0,0,0,0,0,0,4
67,2025-09-12 05:00:00+00:00,2025-09-12 08:03:00+00:00,2025-09-12 08:07:00+00:00,2025-09-12 10:56:00+00:00,10,12,19,RED,1.35592,1.35571,1.35606,,4.599999999999049,0,0.0,,,,,,1.3562,2025-09-12 08:07:00+00:00,1.3553,2025-09-12 10:10:00+00:00,1.3562,1,0,1,0,9.00000000000123,0,0,1,1,,0.000140000000000029,,0,1,0,0,0,0,0,0,0,0,0,0,11
68,2025-09-12 14:00:00+00:00,2025-09-12 15:02:00+00:00,2025-09-12 15:22:00+00:00,2025-09-12 16:36:00+00:00,2,20,53,RED,1.3559,1.35496,1.35698,,,-16,-18.0,,,,,,1.35619,2025-09-12 15:04:00+00:00,1.35458,2025-09-12 16:21:00+00:00,1.35619,1,0,1,0,16.100000000001113,0,0,1,1,,0.0010799999999999699,,0,1,0,0,0,0,0,0,0,0,0,0,53
69,2025-09-12 15:00:00+00:00,2025-09-12 16:02:00+00:00,2025-09-12 16:03:00+00:00,2025-09-12 16:04:00+00:00,2,3,4,GREEN,1.35452,1.35458,1.35436,,0.9999999999998899,2,2.0,,,,,,1.35462,2025-09-12 16:04:00+00:00,1.35423,2025-09-12 16:05:00+00:00,1.35423,1,0,1,0,2.6999999999999247,0,0,1,1,,0.00015999999999993797,,0,1,0,0,0,0,0,0,0,0,0,0,4
70,2025-09-12 18:00:00+00:00,2025-09-12 19:01:00+00:00,2025-09-12 19:04:00+00:00,2025-09-12 19:05:00+00:00,1,4,5,RED,1.35698,1.35682,1.35709,,,-2,-2.0,,,,,,1.35706,2025-09-12 19:02:00+00:00,1.35682,2025-09-12 19:04:00+00:00,1.35706,1,0,1,0,2.4000000000001798,0,0,1,1,,0.00010999999999983245,,0,1,0,0,0,0,0,0,0,0,0,0,6
71,2025-09-14 23:00:00+00:00,2025-09-15 00:04:00+00:00,2025-09-15 01:05:00+00:00,2025-09-15 01:08:00+00:00,4,57,60,GREEN,1.3553,1.35566,1.3552,,,-31,-31.0,,,,,,1.35568,2025-09-15 01:05:00+00:00,1.355,2025-09-15 00:34:00+00:00,1.355,1,0,1,0,6.800000000000139,0,0,1,1,,9.999999999998899e-05,,0,1,0,0,0,0,0,0,0,0,0,0,58
72,2025-09-15 01:00:00+00:00,2025-09-15 02:07:00+00:00,2025-09-15 02:20:00+00:00,2025-09-15 02:30:00+00:00,7,20,30,RED,1.35591,1.35562,1.35602,,,-13,-13.0,,,,,,1.35592,2025-09-15 02:07:00+00:00,1.35554,2025-09-15 02:20:00+00:00,1.35592,2,0,1,0,3.8000000000004697,0,0,1,1,,0.0001100000000000545,,0,1,0,0,0,0,0,0,0,0,0,0,25
73,2025-09-15 03:00:00+00:00,2025-09-15 04:00:00+00:00,2025-09-15 06:16:00+00:00,2025-09-15 06:51:00+00:00,0,115,124,RED,1.3565,1.35612,1.35676,,,-70,-71.0,,,,,,1.3568,2025-09-15 05:05:00+00:00,1.35581,2025-09-15 06:41:00+00:00,1.3568,2,0,1,0,9.900000000000464,0,0,1,1,,0.00025999999999992696,,0,1,0,0,0,0,0,0,0,0,0,0,126
74,2025-09-15 10:00:00+00:00,2025-09-15 11:00:00+00:00,2025-09-15 13:52:00+00:00,2025-09-15 15:54:00+00:00,0,38,56,RED,1.36072,1.36006,1.36135,,,-30,-45.0,,,,,,1.3611,2025-09-15 13:07:00+00:00,1.35955,2025-09-15 13:53:00+00:00,1.3611,1,0,1,0,15.499999999999403,0,0,1,1,,0.0006300000000001305,,0,1,0,0,0,0,0,0,0,0,0,0,58
75,2025-09-15 11:00:00+00:00,2025-09-15 12:22:00+00:00,2025-09-15 12:25:00+00:00,2025-09-15 12:33:00+00:00,19,22,27,RED,1.36151,1.36135,1.36198,,,-3,-3.0,,,,,,1.36159,2025-09-15 12:22:00+00:00,1.36096,2025-09-15 12:28:00+00:00,1.36159,1,0,1,0,6.300000000001305,0,0,1,1,,0.00046999999999997044,,0,1,0,0,0,0,0,0,0,0,0,0,10
76,2025-09-15 13:00:00+00:00,2025-09-15 15:23:00+00:00,2025-09-15 16:01:00+00:00,2025-09-15 16:19:00+00:00,4,24,34,GREEN,1.35963,1.36082,1.35955,,,-6,-17.0,,,,,,1.36096,2025-09-15 16:07:00+00:00,1.35944,2025-09-15 15:44:00+00:00,1.35944,1,0,1,0,15.199999999999658,0,0,1,1,,7.999999999985796e-05,,0,1,0,0,0,0,0,0,0,0,0,0,32
77,2025-09-15 15:00:00+00:00,2025-09-15 16:00:00+00:00,2025-09-15 16:19:00+00:00,2025-09-15 17:40:00+00:00,0,11,45,RED,1.36071,1.35964,1.36074,,,-4,-12.0,,,,,,1.36096,2025-09-15 16:07:00+00:00,1.35946,2025-09-15 16:21:00+00:00,1.36096,1,0,1,0,15.000000000000568,0,0,1,1,,2.999999999997449e-05,,0,1,0,0,0,0,0,0,0,0,0,0,47
78,2025-09-15 20:00:00+00:00,2025-09-15 21:04:00+00:00,2025-09-15 21:56:00+00:00,2025-09-15 22:04:00+00:00,0,37,43,GREEN,1.35984,1.36044,1.35968,,,-37,-52.0,,,,,,1.3606,2025-09-15 22:00:00+00:00,1.35978,2025-09-15 21:04:00+00:00,1.35978,2,0,1,0,8.20000000000043,0,0,1,1,,0.00015999999999993797,,0,1,0,0,0,0,0,0,0,0,0,0,45
79,2025-09-16 03:00:00+00:00,2025-09-16 04:06:00+00:00,2025-09-16 04:38:00+00:00,2025-09-16 04:54:00+00:00,6,38,54,RED,1.36176,1.36142,1.36252,,,-32,-32.0,,,,,,,,1.36124,2025-09-16 04:41:00+00:00,1.36176,1,0,1,0,5.20000000000076,0,0,1,1,,0.0007599999999998719,,0,1,0,0,0,0,0,0,0,0,0,0,50
80,2025-09-16 13:00:00+00:00,2025-09-16 14:44:00+00:00,2025-09-16 15:07:00+00:00,2025-09-16 16:18:00+00:00,10,27,57,RED,1.36582,1.36461,1.36595,,,-15,-21.0,,,,,,1.36606,2025-09-16 14:46:00+00:00,1.36411,2025-09-16 15:35:00+00:00,1.36606,1,0,1,0,19.500000000001183,0,0,1,1,,0.00012999999999996348,,0,1,0,0,0,0,0,0,0,0,0,0,49
81,2025-09-16 19:00:00+00:00,2025-09-16 20:03:00+00:00,2025-09-17 00:02:00+00:00,2025-09-17 00:33:00+00:00,3,118,145,GREEN,1.36512,1.36561,1.36504,,,-78,-136.0,,,,,,1.36595,2025-09-17 00:18:00+00:00,1.36462,2025-09-16 21:46:00+00:00,1.36462,1,0,1,0,13.300000000000534,0,0,1,1,,7.999999999985796e-05,,0,1,0,0,0,0,0,0,0,0,0,0,144
82,2025-09-16 20:00:00+00:00,2025-09-16 21:31:00+00:00,2025-09-16 21:46:00+00:00,2025-09-16 21:57:00+00:00,23,37,44,GREEN,1.36456,1.36504,1.36422,,,-14,-15.0,,,,,,1.36511,2025-09-16 21:46:00+00:00,1.36454,2025-09-16 21:31:00+00:00,1.36454,3,0,1,0,5.699999999999594,0,0,1,1,,0.00034000000000000696,,0,1,0,0,0,0,0,0,0,0,0,0,23
83,2025-09-17 00:00:00+00:00,2025-09-17 01:23:00+00:00,2025-09-17 06:00:00+00:00,2025-09-17 06:02:00+00:00,23,202,204,GREEN,1.36452,1.36493,1.36448,,,-161,-233.0,,,,,,1.36548,2025-09-17 06:00:00+00:00,1.36417,2025-09-17 02:07:00+00:00,1.36417,1,0,1,0,13.099999999999223,0,0,1,1,,4.0000000000040004e-05,,0,1,0,0,0,0,0,0,0,0,0,0,183
84,2025-09-17 01:00:00+00:00,2025-09-17 02:13:00+00:00,2025-09-17 02:15:00+00:00,2025-09-17 02:16:00+00:00,13,15,16,GREEN,1.36432,1.36448,1.36394,,,-2,-2.0,,,,,,1.3645,2025-09-17 02:15:00+00:00,1.36423,2025-09-17 02:13:00+00:00,1.36423,1,0,1,0,2.6999999999999247,0,0,1,1,,0.00038000000000004697,,0,1,0,0,0,0,0,0,0,0,0,0,5
85,2025-09-17 06:00:00+00:00,2025-09-17 08:36:00+00:00,2025-09-17 08:40:00+00:00,2025-09-17 08:41:00+00:00,13,16,17,GREEN,1.36402,1.3642,1.3635,,1.80000000000069,2,2.0,,,,,,1.3642,2025-09-17 08:40:00+00:00,1.36376,2025-09-17 08:42:00+00:00,1.36376,1,0,1,0,1.8999999999991246,0,0,1,1,,0.000520000000000076,,0,1,0,0,0,0,0,0,0,0,0,0,6
86,2025-09-17 12:00:00+00:00,2025-09-17 13:08:00+00:00,2025-09-17 13:12:00+00:00,2025-09-17 13:13:00+00:00,8,12,13,RED,1.36544,1.36526,1.36546,,,-3,-3.0,,,,,,1.36556,2025-09-17 13:09:00+00:00,1.36513,2025-09-17 13:12:00+00:00,1.36556,1,0,1,0,4.300000000001525,0,0,1,1,,1.999999999990898e-05,,0,1,0,0,0,0,0,0,0,0,0,0,7
87,2025-09-17 13:00:00+00:00,2025-09-17 14:07:00+00:00,2025-09-17 18:42:00+00:00,2025-09-17 19:08:00+00:00,4,128,137,RED,1.36628,1.36546,1.36648,,,-2,-2.0,,,,,,1.36772,2025-09-17 18:40:00+00:00,1.36466,2025-09-17 18:48:00+00:00,1.36772,1,0,1,0,30.600000000000627,0,0,1,1,,0.00019999999999997797,,0,1,0,0,0,0,0,0,0,0,0,0,135
88,2025-09-17 20:00:00+00:00,2025-09-17 22:50:00+00:00,2025-09-17 23:38:00+00:00,2025-09-18 00:05:00+00:00,9,12,26,GREEN,1.36244,1.36342,1.36197,,,-3,-48.0,,,,,,1.36356,2025-09-17 23:39:00+00:00,,,1.36246,1,0,1,0,11.000000000001009,0,0,1,1,,0.0004700000000001925,,0,1,0,0,0,0,0,0,0,0,0,0,19
89,2025-09-18 01:00:00+00:00,2025-09-18 02:01:00+00:00,2025-09-18 02:01:00+00:00,2025-09-18 02:09:00+00:00,1,1,9,GREEN,1.36177,1.36205,1.36104,,2.900000000001235,0,0.0,,,,,,1.36216,2025-09-18 02:07:00+00:00,,,1.36184,1,0,1,0,3.20000000000098,0,0,1,1,,0.0007299999999998974,,0,0,0,0,0,0,0,0,0,0,0,0,10
90,2025-09-18 05:00:00+00:00,2025-09-18 06:19:00+00:00,2025-09-18 06:46:00+00:00,2025-09-18 06:48:00+00:00,6,22,24,GREEN,1.35972,1.36048,1.35918,,,-11,-13.0,,,,,,1.3605,2025-09-18 06:46:00+00:00,1.35934,2025-09-18 06:33:00+00:00,1.35934,1,0,1,0,11.600000000000499,0,0,1,1,,0.0005399999999999849,,0,1,0,0,0,0,0,0,0,0,0,0,20
91,2025-09-18 21:00:00+00:00,2025-09-18 22:14:00+00:00,2025-09-18 22:17:00+00:00,2025-09-18 22:18:00+00:00,14,17,18,RED,1.35547,1.35542,1.35568,,,-3,-3.0,,,,,,1.35548,2025-09-18 22:14:00+00:00,1.35524,2025-09-18 22:19:00+00:00,1.35548,3,0,1,0,2.4000000000001798,0,0,1,1,,0.00021000000000004349,,0,1,0,0,0,0,0,0,0,0,0,0,6
92,2025-09-19 00:00:00+00:00,2025-09-19 03:15:00+00:00,2025-09-19 03:21:00+00:00,2025-09-19 03:44:00+00:00,4,10,23,GREEN,1.3549,1.35515,1.35404,,,-6,-6.0,,,,,,1.35545,2025-09-19 03:35:00+00:00,1.35474,2025-09-19 03:15:00+00:00,1.35474,1,0,1,0,7.099999999999884,0,0,1,1,,0.0008600000000000829,,0,1,0,0,0,0,0,0,0,0,0,0,21
93,2025-09-19 01:00:00+00:00,2025-09-19 02:41:00+00:00,2025-09-19 02:53:00+00:00,2025-09-19 02:54:00+00:00,11,23,24,GREEN,1.35388,1.35404,1.35365,,,-8,-8.0,,,,,,1.35416,2025-09-19 02:55:00+00:00,1.35374,2025-09-19 02:45:00+00:00,1.35374,2,0,1,0,4.20000000000087,0,0,1,1,,0.00022999999999995246,,0,1,0,0,0,0,0,0,0,0,0,0,15
94,2025-09-19 03:00:00+00:00,2025-09-19 04:24:00+00:00,2025-09-19 04:40:00+00:00,2025-09-19 05:18:00+00:00,5,17,33,RED,1.35507,1.35428,1.35592,,,-10,-14.0,,,,,,1.35526,2025-09-19 04:26:00+00:00,1.35418,2025-09-19 04:43:00+00:00,1.35526,1,0,1,0,10.799999999999699,0,0,1,1,,0.0008500000000000174,,0,1,0,0,0,0,0,0,0,0,0,0,30
95,2025-09-19 07:00:00+00:00,2025-09-19 08:03:00+00:00,2025-09-19 08:34:00+00:00,2025-09-19 08:40:00+00:00,3,16,20,GREEN,1.34912,1.34972,1.3485,,,-6,-14.0,,,,,,1.34998,2025-09-19 08:34:00+00:00,1.34862,2025-09-19 08:20:00+00:00,1.34862,1,0,1,0,13.600000000000279,0,0,1,1,,0.0006200000000000649,,0,1,0,0,0,0,0,0,0,0,0,0,19
96,2025-09-19 09:00:00+00:00,2025-09-19 10:06:00+00:00,2025-09-19 10:30:00+00:00,2025-09-19 10:33:00+00:00,6,26,29,RED,1.35049,1.3502,1.35106,,,-16,-18.0,,,,,,1.35087,2025-09-19 10:12:00+00:00,1.35008,2025-09-19 10:31:00+00:00,1.35087,1,0,1,0,7.900000000000684,0,0,1,1,,0.0005699999999999594,,0,1,0,0,0,0,0,0,0,0,0,0,25
97,2025-09-19 11:00:00+00:00,2025-09-19 13:04:00+00:00,2025-09-19 13:53:00+00:00,2025-09-19 15:06:00+00:00,13,26,52,GREEN,1.34776,1.34945,1.34733,,,-13,-49.0,,,,,,1.34982,2025-09-19 14:23:00+00:00,1.34714,2025-09-19 13:04:00+00:00,1.34714,1,0,1,0,26.800000000000157,0,0,1,1,,0.0004300000000001525,,0,1,0,0,0,0,0,0,0,0,0,0,41
98,2025-09-19 13:00:00+00:00,2025-09-19 14:05:00+00:00,2025-09-19 14:51:00+00:00,2025-09-19 14:53:00+00:00,3,21,23,RED,1.34896,1.34834,1.34948,,,-17,-45.0,,,,,,1.34944,2025-09-19 14:06:00+00:00,1.34821,2025-09-19 14:52:00+00:00,1.34944,1,0,1,0,12.300000000000644,0,0,1,1,,0.000520000000000076,,0,1,0,0,0,0,0,0,0,0,0,0,22
99,2025-09-19 18:00:00+00:00,2025-09-19 19:04:00+00:00,2025-09-19 19:47:00+00:00,2025-09-19 20:09:00+00:00,4,47,66,GREEN,1.34692,1.34738,1.34668,,,-10,-10.0,,,,,,1.34756,2025-09-19 19:52:00+00:00,1.34674,2025-09-19 19:37:00+00:00,1.34674,1,0,1,0,8.20000000000043,0,0,1,1,,0.00023999999999979593,,0,1,0,0,0,0,0,0,0,0,0,0,64
100,2025-09-22 02:00:00+00:00,2025-09-22 03:01:00+00:00,2025-09-22 03:27:00+00:00,2025-09-22 04:00:00+00:00,1,19,43,GREEN,1.34594,1.34658,1.34588,,,-18,-26.0,,,,,,1.34672,2025-09-22 03:52:00+00:00,1.34589,2025-09-22 03:01:00+00:00,1.34589,1,0,1,0,8.299999999998864,0,0,1,1,,5.999999999994898e-05,,0,1,0,0,0,0,0,0,0,0,0,0,44
101,2025-09-22 06:00:00+00:00,2025-09-22 07:19:00+00:00,2025-09-22 07:19:00+00:00,2025-09-22 07:22:00+00:00,12,12,14,RED,1.34748,1.34742,1.3483,,1.5999999999993797,1,1.0,,,,,,1.3478,2025-09-22 07:20:00+00:00,1.34732,2025-09-22 07:19:00+00:00,1.3478,1,0,1,0,4.20000000000087,0,0,1,1,,0.0008200000000000429,,0,0,0,0,0,0,0,0,0,0,0,0,4
102,2025-09-22 12:00:00+00:00,2025-09-22 13:08:00+00:00,2025-09-22 13:47:00+00:00,2025-09-22 13:58:00+00:00,5,36,40,RED,1.35084,1.35,1.35163,,,-5,-11.0,,,,,,1.35126,2025-09-22 13:36:00+00:00,1.34984,2025-09-22 13:47:00+00:00,1.35126,1,0,1,0,14.199999999999768,0,0,1,1,,0.0007900000000000684,,0,1,0,0,0,0,0,0,0,0,0,0,37
103,2025-09-22 14:00:00+00:00,2025-09-22 15:00:00+00:00,2025-09-22 15:09:00+00:00,2025-09-22 15:10:00+00:00,0,9,10,GREEN,1.34944,1.34984,1.34924,,,-6,-6.0,,,,,,1.34984,2025-09-22 15:09:00+00:00,1.34942,2025-09-22 15:03:00+00:00,1.34942,1,0,1,0,4.199999999998649,0,0,1,1,,0.00019999999999997797,,0,1,0,0,0,0,0,0,0,0,0,0,12
104,2025-09-22 20:00:00+00:00,2025-09-22 21:34:00+00:00,2025-09-22 22:03:00+00:00,2025-09-22 22:13:00+00:00,15,44,54,GREEN,1.35126,1.3515,1.35122,,,-21,-21.0,,,,,,1.35168,2025-09-22 22:12:00+00:00,1.3511,2025-09-22 21:42:00+00:00,1.3511,1,0,1,0,5.800000000000249,0,0,1,1,,3.999999999981796e-05,,0,1,0,0,0,0,0,0,0,0,0,0,41
105,2025-09-23 00:00:00+00:00,2025-09-23 01:01:00+00:00,2025-09-23 01:30:00+00:00,2025-09-23 01:35:00+00:00,1,23,26,RED,1.35207,1.35162,1.35208,,,-22,-29.0,,,,,,1.3522,2025-09-23 01:01:00+00:00,1.35162,2025-09-23 01:30:00+00:00,1.3522,1,0,1,0,5.800000000000249,0,0,1,1,,9.999999999843467e-06,,0,1,0,0,0,0,0,0,0,0,0,0,27
106,2025-09-23 01:00:00+00:00,2025-09-23 02:04:00+00:00,2025-09-23 02:07:00+00:00,2025-09-23 06:46:00+00:00,4,7,9,RED,1.35232,1.35208,1.35274,,,-3,-3.0,,,,,,1.35243,2025-09-23 02:04:00+00:00,1.35179,2025-09-23 06:46:00+00:00,1.35243,1,0,1,0,6.399999999999739,0,0,1,1,,0.00042000000000008697,,0,1,0,0,0,0,0,0,0,0,0,0,7
107,2025-09-23 02:00:00+00:00,2025-09-23 03:02:00+00:00,2025-09-23 04:00:00+00:00,2025-09-23 04:08:00+00:00,2,31,34,GREEN,1.35092,1.35162,1.35055,,,-23,-40.0,,,,,,1.35174,2025-09-23 04:01:00+00:00,1.35056,2025-09-23 03:20:00+00:00,1.35056,1,0,1,0,11.799999999999589,0,0,1,1,,0.00036999999999998145,,0,1,0,0,0,0,0,0,0,0,0,0,34
108,2025-09-23 06:00:00+00:00,2025-09-23 07:48:00+00:00,2025-09-23 07:49:00+00:00,2025-09-23 08:00:00+00:00,21,22,24,RED,1.35158,1.35148,1.35223,,1.5999999999993797,2,11.0,,,,,,1.35213,2025-09-23 08:00:00+00:00,1.35142,2025-09-23 07:50:00+00:00,1.35213,1,0,1,0,4.300000000001525,0,0,1,1,,0.0006500000000000394,,0,1,0,0,0,0,0,0,0,0,0,0,5
109,2025-09-23 12:00:00+00:00,2025-09-23 13:29:00+00:00,2025-09-23 13:35:00+00:00,2025-09-23 14:19:00+00:00,7,13,29,RED,1.35247,1.35206,1.35298,,,-3,-3.0,,,,,,1.35276,2025-09-23 13:32:00+00:00,1.35144,2025-09-23 13:57:00+00:00,1.35276,1,0,1,0,13.199999999999878,0,0,1,1,,0.0005100000000000104,,0,1,0,0,0,0,0,0,0,0,0,0,24
110,2025-09-23 19:00:00+00:00,2025-09-23 20:25:00+00:00,2025-09-23 20:35:00+00:00,2025-09-23 20:50:00+00:00,25,35,50,RED,1.35252,1.3522,1.35272,,,-10,-10.0,,,,,,1.35256,2025-09-23 20:25:00+00:00,1.35204,2025-09-23 20:43:00+00:00,1.35256,1,0,1,0,5.20000000000076,0,0,1,1,,0.00019999999999997797,,0,1,0,0,0,0,0,0,0,0,0,0,27
111,2025-09-24 01:00:00+00:00,2025-09-24 02:03:00+00:00,2025-09-24 02:09:00+00:00,2025-09-24 02:11:00+00:00,3,9,11,GREEN,1.3511,1.35142,1.3508,,,-6,-6.0,,,,,,1.35145,2025-09-24 02:12:00+00:00,1.35108,2025-09-24 02:03:00+00:00,1.35108,1,0,1,0,3.6999999999998145,0,0,1,1,,0.00029999999999996696,,0,1,0,0,0,0,0,0,0,0,0,0,10
112,2025-09-24 03:00:00+00:00,2025-09-24 04:04:00+00:00,2025-09-24 04:28:00+00:00,2025-09-24 04:38:00+00:00,4,28,38,GREEN,1.35071,1.35099,1.35066,,,-24,-24.0,,,,,,1.35104,2025-09-24 04:35:00+00:00,1.35066,2025-09-24 04:04:00+00:00,1.35066,1,0,1,0,3.8000000000004697,0,0,1,1,,5.0000000000105516e-05,,0,1,0,0,0,0,0,0,0,0,0,0,36
113,2025-09-24 11:00:00+00:00,2025-09-24 12:00:00+00:00,2025-09-24 12:06:00+00:00,2025-09-24 12:34:00+00:00,0,4,26,GREEN,1.34576,1.34644,1.34553,,,-2,-4.0,,,,,,1.34688,2025-09-24 12:21:00+00:00,1.34554,2025-09-24 12:02:00+00:00,1.34554,1,0,1,0,13.400000000001189,0,0,1,1,,0.0002300000000001745,,0,1,0,0,0,0,0,0,0,0,0,0,28
114,2025-09-24 12:00:00+00:00,2025-09-24 13:00:00+00:00,2025-09-24 14:41:00+00:00,2025-09-24 15:07:00+00:00,0,14,30,GREEN,1.34458,1.34553,1.34364,,,-8,-80.0,,,,,,1.34576,2025-09-24 14:48:00+00:00,1.34401,2025-09-24 13:21:00+00:00,1.34401,1,0,1,0,17.500000000001403,0,0,1,1,,0.0009400000000001629,,0,1,0,0,0,0,0,0,0,0,0,0,32
115,2025-09-24 14:00:00+00:00,2025-09-24 15:29:00+00:00,2025-09-24 15:33:00+00:00,2025-09-24 15:36:00+00:00,17,21,24,RED,1.34512,1.3448,1.34576,,6.900000000000794,4,4.0,,,,,,1.34545,2025-09-24 15:37:00+00:00,1.34443,2025-09-24 15:34:00+00:00,1.34545,1,0,1,0,6.699999999999484,0,0,1,1,,0.0006399999999999739,,0,1,0,0,0,0,0,0,0,0,0,0,9
116,2025-09-25 00:00:00+00:00,2025-09-25 01:07:00+00:00,2025-09-25 01:14:00+00:00,2025-09-25 02:02:00+00:00,6,13,37,RED,1.34568,1.34538,1.34578,,,-7,-7.0,,,,,,1.34571,2025-09-25 01:07:00+00:00,1.34498,2025-09-25 01:31:00+00:00,1.34571,1,0,1,0,7.299999999998974,0,0,1,1,,9.999999999998899e-05,,0,1,0,0,0,0,0,0,0,0,0,0,33
117,2025-09-25 05:00:00+00:00,2025-09-25 06:23:00+00:00,2025-09-25 06:34:00+00:00,2025-09-25 06:38:00+00:00,10,21,24,GREEN,1.3455,1.34602,1.34533,,,-9,-9.0,,,,,,1.34611,2025-09-25 06:35:00+00:00,1.34539,2025-09-25 06:25:00+00:00,1.34539,1,0,1,0,7.199999999998319,0,0,1,1,,0.00017000000000000348,,0,1,0,0,0,0,0,0,0,0,0,0,16
118,2025-09-25 06:00:00+00:00,2025-09-25 07:06:00+00:00,2025-09-25 07:06:00+00:00,2025-09-25 07:26:00+00:00,3,3,5,RED,1.34646,1.34632,1.34671,,4.999999999999449,2,20.0,,,,,,,,1.34596,2025-09-25 07:08:00+00:00,1.34632,1,0,1,0,2.1999999999988695,0,0,1,1,,0.0002500000000000835,,0,0,0,0,0,0,0,0,0,0,0,0,4
119,2025-09-25 07:00:00+00:00,2025-09-25 08:00:00+00:00,2025-09-25 08:17:00+00:00,2025-09-25 11:10:00+00:00,0,5,95,GREEN,1.34376,1.34498,1.34364,,15.899999999999803,91,174.0,,,,,,1.34535,2025-09-25 08:32:00+00:00,1.34334,2025-09-25 11:11:00+00:00,1.34334,1,0,1,0,5.699999999999594,0,0,1,1,,0.00012000000000012001,,0,1,0,0,0,0,0,0,0,0,0,0,97
120,2025-09-25 13:00:00+00:00,2025-09-25 14:03:00+00:00,2025-09-25 14:04:00+00:00,2025-09-25 14:22:00+00:00,2,3,7,GREEN,1.33707,1.33723,1.33634,,,-1,-1.0,,,,,,1.33772,2025-09-25 14:16:00+00:00,1.3366,2025-09-25 14:03:00+00:00,1.3366,1,0,1,0,11.200000000000099,0,0,1,1,,0.0007299999999998974,,0,1,0,0,0,0,0,0,0,0,0,0,7
121,2025-09-25 16:00:00+00:00,2025-09-25 17:01:00+00:00,2025-09-25 17:09:00+00:00,2025-09-25 17:10:00+00:00,1,8,9,GREEN,1.33394,1.33412,1.33362,,,-4,-4.0,,,,,,1.33414,2025-09-25 17:09:00+00:00,1.33358,2025-09-25 17:05:00+00:00,1.33358,1,0,1,0,5.60000000000116,0,0,1,1,,0.00031999999999987594,,0,1,0,0,0,0,0,0,0,0,0,0,10
122,2025-09-25 17:00:00+00:00,2025-09-25 18:55:00+00:00,2025-09-25 18:55:00+00:00,2025-09-25 18:57:00+00:00,14,14,16,GREEN,1.33354,1.33362,1.33267,,1.40000000000029,1,1.0,,,,,,1.33368,2025-09-25 18:55:00+00:00,1.33326,2025-09-25 18:56:00+00:00,1.33326,2,0,1,0,2.80000000000058,0,0,1,1,,0.0008699999999999264,,0,0,0,0,0,0,0,0,0,0,0,0,4
123,2025-09-25 20:00:00+00:00,2025-09-25 21:33:00+00:00,2025-09-25 21:48:00+00:00,2025-09-25 21:49:00+00:00,12,25,26,RED,1.33438,1.33408,1.33474,,,-10,-12.0,,,,,,1.33484,2025-09-25 21:36:00+00:00,1.33396,2025-09-25 21:48:00+00:00,1.33484,1,0,1,0,8.799999999999919,0,0,1,1,,0.000360000000000138,,0,1,0,0,0,0,0,0,0,0,0,0,16
124,2025-09-26 00:00:00+00:00,2025-09-26 01:11:00+00:00,2025-09-26 01:26:00+00:00,2025-09-26 01:27:00+00:00,8,23,24,RED,1.33454,1.3344,1.3346,,,-5,-5.0,,,,,,1.33468,2025-09-26 01:21:00+00:00,1.33432,2025-09-26 01:27:00+00:00,1.33468,1,0,1,0,3.60000000000138,0,0,1,1,,5.999999999994898e-05,,0,1,0,0,0,0,0,0,0,0,0,0,18
125,2025-09-26 02:00:00+00:00,2025-09-26 04:05:00+00:00,2025-09-26 07:23:00+00:00,2025-09-26 07:24:00+00:00,24,43,44,RED,1.335,1.33484,1.33555,,,-4,-66.0,,,,,,1.33548,2025-09-26 06:17:00+00:00,1.33474,2025-09-26 07:23:00+00:00,1.33548,1,0,1,0,7.399999999999629,0,0,1,1,,0.0005500000000000504,,0,1,0,0,0,0,0,0,0,0,0,0,22
126,2025-09-26 06:00:00+00:00,2025-09-26 07:00:00+00:00,2025-09-26 07:13:00+00:00,2025-09-26 08:27:00+00:00,0,9,26,RED,1.3364,1.33578,1.33644,,,-8,-12.0,,,,,,1.3368,2025-09-26 07:01:00+00:00,1.33539,2025-09-26 08:06:00+00:00,1.3368,1,0,1,0,14.099999999999113,0,0,1,1,,4.0000000000040004e-05,,0,1,0,0,0,0,0,0,0,0,0,0,28
127,2025-09-26 18:00:00+00:00,2025-09-26 19:08:00+00:00,2025-09-26 19:10:00+00:00,2025-09-26 19:57:00+00:00,8,10,36,RED,1.34097,1.34077,1.34117,,,-1,-1.0,,,,,,1.34098,2025-09-26 19:09:00+00:00,1.34046,2025-09-26 19:36:00+00:00,1.34098,1,0,1,0,5.20000000000076,0,0,1,1,,0.00019999999999997797,,0,1,0,0,0,0,0,0,0,0,0,0,30
128,2025-09-29 04:00:00+00:00,2025-09-29 05:01:00+00:00,2025-09-29 05:34:00+00:00,2025-09-29 05:35:00+00:00,1,16,17,RED,1.34375,1.34346,1.34418,,,-1,-1.0,,,,,,1.34405,2025-09-29 05:33:00+00:00,1.34343,2025-09-29 05:34:00+00:00,1.34405,1,0,1,0,6.200000000000649,0,0,1,1,,0.00042999999999993044,,0,1,0,0,0,0,0,0,0,0,0,0,18
129,2025-09-29 07:00:00+00:00,2025-09-29 08:09:00+00:00,2025-09-29 08:20:00+00:00,2025-09-29 11:59:00+00:00,9,20,33,RED,1.34466,1.34426,1.34499,,,-5,-5.0,,,,,,1.34504,2025-09-29 08:15:00+00:00,1.3438,2025-09-29 08:32:00+00:00,1.34504,1,0,1,0,12.399999999999078,0,0,1,1,,0.00032999999999994145,,0,1,0,0,0,0,0,0,0,0,0,0,26
130,2025-09-29 10:00:00+00:00,2025-09-29 11:00:00+00:00,2025-09-29 11:03:00+00:00,2025-09-29 11:04:00+00:00,0,3,4,GREEN,1.34283,1.343,1.34252,,,-1,-1.0,,,,,,1.3431,2025-09-29 11:03:00+00:00,1.34261,2025-09-29 11:02:00+00:00,1.34261,1,0,1,0,4.899999999998794,0,0,1,1,,0.00031000000000003247,,0,1,0,0,0,0,0,0,0,0,0,0,6
131,2025-09-29 12:00:00+00:00,2025-09-29 13:00:00+00:00,2025-09-29 13:02:00+00:00,2025-09-29 13:35:00+00:00,0,2,25,RED,1.34516,1.34476,1.34571,,,-2,-2.0,,,,,,1.34522,2025-09-29 13:00:00+00:00,1.34428,2025-09-29 13:28:00+00:00,1.34522,1,0,1,0,9.40000000000163,0,0,1,1,,0.0005500000000000504,,0,1,0,0,0,0,0,0,0,0,0,0,27
132,2025-09-29 17:00:00+00:00,2025-09-29 18:00:00+00:00,2025-09-29 18:05:00+00:00,2025-09-29 18:06:00+00:00,0,5,6,GREEN,1.3425,1.34264,1.34238,,,-3,-3.0,,,,,,1.34272,2025-09-29 18:06:00+00:00,1.34231,2025-09-29 18:02:00+00:00,1.34231,1,0,1,0,4.100000000000215,0,0,1,1,,0.00012000000000012001,,0,1,0,0,0,0,0,0,0,0,0,0,8
133,2025-09-29 18:00:00+00:00,2025-09-29 19:00:00+00:00,2025-09-29 19:37:00+00:00,2025-09-29 19:39:00+00:00,0,37,39,RED,1.34378,1.34342,1.3439,,,-11,-11.0,,,,,,1.34386,2025-09-29 19:26:00+00:00,1.34342,2025-09-29 19:37:00+00:00,1.34386,1,0,1,0,4.3999999999999595,0,0,1,1,,0.00012000000000012001,,0,1,0,0,0,0,0,0,0,0,0,0,41
134,2025-09-29 20:00:00+00:00,2025-09-29 21:18:00+00:00,2025-09-29 22:57:00+00:00,2025-09-30 00:00:00+00:00,9,71,105,GREEN,1.34309,1.34342,1.34294,,,-54,-57.0,,,,,,1.34369,2025-09-29 23:35:00+00:00,1.34276,2025-09-29 22:00:00+00:00,1.34276,1,0,1,0,9.300000000000974,0,0,1,1,,0.00014999999999987246,,0,1,0,0,0,0,0,0,0,0,0,0,98
135,2025-09-29 21:00:00+00:00,2025-09-30 00:44:00+00:00,2025-09-30 01:01:00+00:00,2025-09-30 01:02:00+00:00,25,29,30,GREEN,1.34282,1.34294,1.34265,,,-1,-1.0,,,,,,1.3431,2025-09-30 01:03:00+00:00,1.34252,2025-09-30 01:00:00+00:00,1.34252,1,0,1,0,5.800000000000249,0,0,1,1,,0.00017000000000000348,,0,1,0,0,0,0,0,0,0,0,0,0,7
136,2025-09-29 23:00:00+00:00,2025-09-30 00:21:00+00:00,2025-09-30 00:26:00+00:00,2025-09-30 01:32:00+00:00,15,20,29,RED,1.3435,1.34342,1.34379,,,-1,-1.0,,,,,,1.34362,2025-09-30 00:25:00+00:00,1.34302,2025-09-30 01:08:00+00:00,1.34362,2,0,1,0,5.999999999999339,0,0,1,1,,0.0002900000000001235,,0,1,0,0,0,0,0,0,0,0,0,0,16
137,2025-09-30 03:00:00+00:00,2025-09-30 04:08:00+00:00,2025-09-30 04:22:00+00:00,2025-09-30 04:40:00+00:00,8,22,35,RED,1.34354,1.34322,1.34388,,,-13,-13.0,,,,,,1.34359,2025-09-30 04:09:00+00:00,1.3428,2025-09-30 04:30:00+00:00,1.34359,2,0,1,0,7.900000000000684,0,0,1,1,,0.00034000000000000696,,0,1,0,0,0,0,0,0,0,0,0,0,29
138,2025-09-30 10:00:00+00:00,2025-09-30 11:58:00+00:00,2025-09-30 12:01:00+00:00,2025-09-30 12:03:00+00:00,11,14,16,GREEN,1.34378,1.34409,1.34364,,,-3,-3.0,,,,,,1.34432,2025-09-30 12:02:00+00:00,1.34346,2025-09-30 11:58:00+00:00,1.34346,1,0,1,0,8.599999999998609,0,0,1,1,,0.000140000000000029,,0,1,0,0,0,0,0,0,0,0,0,0,7
139,2025-09-30 18:00:00+00:00,2025-09-30 19:04:00+00:00,2025-09-30 19:08:00+00:00,2025-09-30 19:09:00+00:00,3,7,8,GREEN,1.34488,1.34497,1.34407,,,-3,-3.0,,,,,,1.34507,2025-09-30 19:10:00+00:00,1.34478,2025-09-30 19:05:00+00:00,1.34478,1,0,1,0,2.8999999999990145,0,0,1,1,,0.0008099999999999774,,0,1,0,0,0,0,0,0,0,0,0,0,7
140,2025-09-30 23:00:00+00:00,2025-10-01 00:41:00+00:00,2025-10-01 00:42:00+00:00,2025-10-01 00:43:00+00:00,23,24,25,GREEN,1.34426,1.34427,1.34424,,,-1,-1.0,,,,,,1.3443,2025-10-01 00:42:00+00:00,1.344,2025-10-01 00:41:00+00:00,1.344,2,0,1,0,2.9999999999996696,0,0,1,0,,1.999999999990898e-05,,0,1,0,0,0,0,0,0,0,0,0,0,4
141,2025-10-01 00:00:00+00:00,2025-10-01 01:24:00+00:00,2025-10-01 01:57:00+00:00,2025-10-01 01:58:00+00:00,14,44,45,GREEN,1.34409,1.34424,1.3436,,,-18,-18.0,,,,,,1.34424,2025-10-01 01:57:00+00:00,1.34386,2025-10-01 01:39:00+00:00,1.34386,2,0,1,0,3.8000000000004697,0,0,1,1,,0.0004900000000001015,,0,1,0,0,0,0,0,0,0,0,0,0,33
142,2025-10-01 09:00:00+00:00,2025-10-01 10:06:00+00:00,2025-10-01 10:11:00+00:00,2025-10-01 10:16:00+00:00,6,11,16,GREEN,1.34644,1.34666,1.34626,,,-2,-2.0,,,,,,1.34687,2025-10-01 10:15:00+00:00,1.3462,2025-10-01 10:09:00+00:00,1.3462,1,0,1,0,6.699999999999484,0,0,1,1,,0.000180000000000069,,0,1,0,0,0,0,0,0,0,0,0,0,12
143,2025-10-01 11:00:00+00:00,2025-10-01 12:02:00+00:00,2025-10-01 12:05:00+00:00,2025-10-01 15:13:00+00:00,2,5,9,RED,1.34821,1.3476,1.34889,,9.699999999999154,3,10.0,,,,,,1.35004,2025-10-01 12:15:00+00:00,1.34724,2025-10-01 12:15:00+00:00,1.35004,1,0,1,0,27.999999999999137,0,0,1,1,,0.0006800000000000139,,0,1,0,0,0,0,0,0,0,0,0,0,9
144,2025-10-01 20:00:00+00:00,2025-10-01 21:29:00+00:00,2025-10-01 21:38:00+00:00,2025-10-01 21:39:00+00:00,13,20,21,GREEN,1.34773,1.34788,1.3472,,1.4999999999987246,0,0.0,,,,,,1.34788,2025-10-01 21:38:00+00:00,1.3476,2025-10-01 21:38:00+00:00,1.3476,1,0,1,0,2.80000000000058,0,0,1,1,,0.0005300000000001415,,0,1,0,0,0,0,0,0,0,0,0,0,10
145,2025-10-02 03:00:00+00:00,2025-10-02 04:00:00+00:00,2025-10-02 06:01:00+00:00,2025-10-02 06:02:00+00:00,0,58,59,GREEN,1.34782,1.34798,1.3476,,,-19,-26.0,,,,,,1.34812,2025-10-02 06:01:00+00:00,1.34751,2025-10-02 05:35:00+00:00,1.34751,2,0,1,0,6.099999999999994,0,0,1,1,,0.000220000000000109,,0,1,0,0,0,0,0,0,0,0,0,0,61
146,2025-10-02 08:00:00+00:00,2025-10-02 09:16:00+00:00,2025-10-02 09:20:00+00:00,2025-10-02 09:30:00+00:00,15,19,29,RED,1.35046,1.35008,1.35104,,,-2,-2.0,,,,,,1.35064,2025-10-02 09:18:00+00:00,1.3499,2025-10-02 09:22:00+00:00,1.35064,1,0,1,0,7.399999999999629,0,0,1,1,,0.0005800000000000249,,0,1,0,0,0,0,0,0,0,0,0,0,16
147,2025-10-02 11:00:00+00:00,2025-10-02 12:09:00+00:00,2025-10-02 12:10:00+00:00,2025-10-02 12:12:00+00:00,9,10,12,GREEN,1.34765,1.34801,1.34708,,,-1,-1.0,,,,,,1.34804,2025-10-02 12:11:00+00:00,1.34749,2025-10-02 12:09:00+00:00,1.34749,1,0,1,0,5.499999999998284,0,0,1,1,,0.0005699999999999594,,0,1,0,0,0,0,0,0,0,0,0,0,5
148,2025-10-02 14:00:00+00:00,2025-10-02 15:04:00+00:00,2025-10-02 15:08:00+00:00,2025-10-02 15:12:00+00:00,3,6,10,GREEN,1.34208,1.34264,1.34121,,,-2,-3.0,,,,,,1.34273,2025-10-02 15:10:00+00:00,1.34185,2025-10-02 15:05:00+00:00,1.34185,1,0,1,0,8.799999999999919,0,0,1,1,,0.0008699999999999264,,0,1,0,0,0,0,0,0,0,0,0,0,9
149,2025-10-02 18:00:00+00:00,2025-10-02 19:36:00+00:00,2025-10-02 19:40:00+00:00,2025-10-02 19:41:00+00:00,18,22,23,RED,1.34468,1.34457,1.34481,,,-3,-3.0,,,,,,1.34474,2025-10-02 19:37:00+00:00,1.3445,2025-10-02 19:41:00+00:00,1.34474,1,0,1,0,2.4000000000001798,0,0,1,1,,0.00012999999999996348,,0,1,0,0,0,0,0,0,0,0,0,0,7
150,2025-10-02 20:00:00+00:00,2025-10-02 21:20:00+00:00,2025-10-02 22:00:00+00:00,2025-10-02 22:34:00+00:00,15,55,80,GREEN,1.34392,1.34432,1.34386,,,-34,-34.0,,,,,,1.3455,2025-10-02 22:01:00+00:00,1.34354,2025-10-02 21:26:00+00:00,1.34354,1,0,1,0,19.599999999999618,0,0,1,1,,5.999999999994898e-05,,0,1,0,0,0,0,0,0,0,0,0,0,67
151,2025-10-03 05:00:00+00:00,2025-10-03 06:00:00+00:00,2025-10-03 06:07:00+00:00,2025-10-03 06:56:00+00:00,0,7,24,GREEN,1.34322,1.34352,1.34308,,,-4,-4.0,,,,,,1.344,2025-10-03 06:24:00+00:00,1.34289,2025-10-03 06:03:00+00:00,1.34289,1,0,1,0,11.100000000001664,0,0,1,1,,0.000140000000000029,,0,1,0,0,0,0,0,0,0,0,0,0,26
152,2025-10-03 07:00:00+00:00,2025-10-03 08:50:00+00:00,2025-10-03 09:24:00+00:00,2025-10-03 12:58:00+00:00,22,32,54,RED,1.34604,1.3444,1.34613,,,-5,-27.0,,,,,,1.3464,2025-10-03 08:57:00+00:00,1.34379,2025-10-03 12:37:00+00:00,1.3464,1,0,1,0,26.100000000000012,0,0,1,1,,9.000000000014552e-05,,0,1,0,0,0,0,0,0,0,0,0,0,34
153,2025-10-03 12:00:00+00:00,2025-10-03 13:22:00+00:00,2025-10-03 13:24:00+00:00,2025-10-03 13:25:00+00:00,18,20,21,RED,1.34583,1.34554,1.34599,,3.300000000001635,2,2.0,,,,,,1.34612,2025-10-03 13:26:00+00:00,1.3455,2025-10-03 13:24:00+00:00,1.34612,1,0,1,0,4.3999999999999595,0,0,1,1,,0.00015999999999993797,,0,1,0,0,0,0,0,0,0,0,0,0,5
154,2025-10-03 13:00:00+00:00,2025-10-03 14:21:00+00:00,2025-10-03 14:28:00+00:00,2025-10-03 14:30:00+00:00,12,19,21,RED,1.34648,1.34599,1.3469,,,-3,-3.0,,,,,,1.34668,2025-10-03 14:25:00+00:00,1.34584,2025-10-03 14:28:00+00:00,1.34668,1,0,1,0,8.40000000000174,0,0,1,1,,0.00042000000000008697,,0,1,0,0,0,0,0,0,0,0,0,0,11
155,2025-10-03 15:00:00+00:00,2025-10-03 16:16:00+00:00,2025-10-03 16:18:00+00:00,2025-10-03 16:32:00+00:00,12,14,20,RED,1.34796,1.34779,1.34853,,,-2,-2.0,,,,,,1.34806,2025-10-03 16:16:00+00:00,1.34748,2025-10-03 16:25:00+00:00,1.34806,1,0,1,0,5.800000000000249,0,0,1,1,,0.0005699999999999594,,0,1,0,0,0,0,0,0,0,0,0,0,10
156,2025-10-03 19:00:00+00:00,2025-10-03 20:13:00+00:00,2025-10-03 20:18:00+00:00,2025-10-03 20:20:00+00:00,9,14,16,RED,1.3483,1.3481,1.34842,,,-5,-5.0,,,,,,1.3485,2025-10-03 20:13:00+00:00,1.34802,2025-10-03 20:19:00+00:00,1.3485,1,0,1,0,4.8000000000003595,0,0,1,1,,0.00011999999999989797,,0,1,0,0,0,0,0,0,0,0,0,0,9
157,2025-10-05 22:00:00+00:00,2025-10-05 23:00:00+00:00,2025-10-06 00:52:00+00:00,2025-10-06 01:25:00+00:00,0,57,80,GREEN,1.34348,1.34395,1.34229,,,-26,-42.0,,,,,,1.34429,2025-10-06 01:00:00+00:00,1.343,2025-10-06 00:10:00+00:00,1.343,1,0,1,0,12.900000000000134,0,0,1,1,,0.0011900000000000244,,0,1,0,0,0,0,0,0,0,0,0,0,82
158,2025-10-06 00:00:00+00:00,2025-10-06 01:18:00+00:00,2025-10-06 01:20:00+00:00,2025-10-06 01:30:00+00:00,17,19,28,RED,1.34404,1.34388,1.34404,,4.899999999998794,10,11.0,,,,,,1.3443,2025-10-06 01:31:00+00:00,1.34355,2025-10-06 01:27:00+00:00,1.3443,1,0,1,0,3.20000000000098,0,0,1,1,,0.0,,0,1,0,0,0,0,0,0,0,0,0,0,13
159,2025-10-06 02:00:00+00:00,2025-10-06 03:17:00+00:00,2025-10-06 04:11:00+00:00,2025-10-06 07:07:00+00:00,15,55,92,RED,1.34549,1.34508,1.34577,,,-22,-22.0,,,,,,1.3458,2025-10-06 03:49:00+00:00,1.34472,2025-10-06 05:02:00+00:00,1.3458,1,0,1,0,10.80000000000192,0,0,1,1,,0.00027999999999983594,,0,1,0,0,0,0,0,0,0,0,0,0,79
160,2025-10-06 04:00:00+00:00,2025-10-06 06:00:00+00:00,2025-10-06 07:05:00+00:00,2025-10-06 07:22:00+00:00,16,21,33,GREEN,1.3447,1.34518,1.34456,,,-2,-2.0,,,,,,1.34568,2025-10-06 07:11:00+00:00,1.34418,2025-10-06 07:03:00+00:00,1.34418,1,0,1,0,15.000000000000568,0,0,1,1,,0.000140000000000029,,0,1,0,0,0,0,0,0,0,0,0,0,19
161,2025-10-06 05:00:00+00:00,2025-10-06 06:06:00+00:00,2025-10-06 06:07:00+00:00,2025-10-06 06:08:00+00:00,6,7,8,GREEN,1.34436,1.34456,1.34402,,2.4000000000001798,2,22.0,,,,,,1.3446,2025-10-06 06:07:00+00:00,1.34412,2025-10-06 06:29:00+00:00,1.34412,1,0,1,0,0.8999999999992347,0,0,1,1,,0.00034000000000000696,,0,1,0,0,0,0,0,0,0,0,0,0,4
162,2025-10-06 10:00:00+00:00,2025-10-06 11:08:00+00:00,2025-10-06 11:14:00+00:00,2025-10-06 11:15:00+00:00,6,11,12,GREEN,1.34224,1.34241,1.34224,,,-2,-2.0,,,,,,1.3425,2025-10-06 11:14:00+00:00,1.34198,2025-10-06 11:12:00+00:00,1.34198,1,0,1,0,5.20000000000076,0,0,1,1,,0.0,,0,1,0,0,0,0,0,0,0,0,0,0,8
163,2025-10-07 01:00:00+00:00,2025-10-07 02:09:00+00:00,2025-10-07 02:12:00+00:00,2025-10-07 02:16:00+00:00,9,12,16,GREEN,1.3474,1.34778,1.34727,,,-3,-3.0,,,,,,1.34779,2025-10-07 02:12:00+00:00,1.34735,2025-10-07 02:09:00+00:00,1.34735,1,0,1,0,4.3999999999999595,0,0,1,1,,0.00012999999999996348,,0,1,0,0,0,0,0,0,0,0,0,0,9
164,2025-10-07 14:00:00+00:00,2025-10-07 18:44:00+00:00,2025-10-07 19:10:00+00:00,2025-10-07 21:04:00+00:00,10,35,39,RED,1.34315,1.34281,1.34336,,,-16,-16.0,,,,,,1.34338,2025-10-07 18:54:00+00:00,1.34258,2025-10-07 20:46:00+00:00,1.34338,1,0,1,0,7.999999999999119,0,0,1,1,,0.00021000000000004349,,0,1,0,0,0,0,0,0,0,0,0,0,31
165,2025-10-07 19:00:00+00:00,2025-10-07 20:20:00+00:00,2025-10-07 21:04:00+00:00,2025-10-07 23:03:00+00:00,19,31,119,GREEN,1.34214,1.34291,1.3416,,,-10,-39.0,,,,,,1.34317,2025-10-07 22:00:00+00:00,1.34192,2025-10-07 20:25:00+00:00,1.34192,1,0,1,0,12.499999999999734,0,0,1,1,,0.000540000000000207,,0,1,0,0,0,0,0,0,0,0,0,0,102
166,2025-10-07 22:00:00+00:00,2025-10-07 23:42:00+00:00,2025-10-07 23:49:00+00:00,2025-10-07 23:50:00+00:00,25,32,33,GREEN,1.34254,1.3426,1.34252,,,-4,-4.0,,,,,,1.34266,2025-10-07 23:50:00+00:00,1.34234,2025-10-07 23:45:00+00:00,1.34234,1,0,1,0,3.1999999999987594,0,0,1,1,,2.0000000000131024e-05,,0,1,0,0,0,0,0,0,0,0,0,0,10
167,2025-10-08 09:00:00+00:00,2025-10-08 11:35:00+00:00,2025-10-08 11:37:00+00:00,2025-10-08 11:38:00+00:00,17,19,20,GREEN,1.34032,1.34055,1.34002,,,-2,-2.0,,,,,,1.34065,2025-10-08 11:38:00+00:00,1.3401,2025-10-08 11:35:00+00:00,1.3401,1,0,1,0,5.499999999998284,0,0,1,1,,0.00029999999999996696,,0,1,0,0,0,0,0,0,0,0,0,0,5
168,2025-10-08 20:00:00+00:00,2025-10-08 21:12:00+00:00,2025-10-08 23:23:00+00:00,2025-10-08 23:30:00+00:00,5,128,135,RED,1.34036,1.34006,1.34064,,,-23,-23.0,,,,,,1.34068,2025-10-08 23:00:00+00:00,1.33998,2025-10-08 23:24:00+00:00,1.34068,1,0,1,0,7.0000000000014495,0,0,1,1,,0.000280000000000058,,0,1,0,0,0,0,0,0,0,0,0,0,132
169,2025-10-08 23:00:00+00:00,2025-10-09 00:02:00+00:00,2025-10-09 00:02:00+00:00,2025-10-09 06:06:00+00:00,2,2,7,GREEN,1.34004,1.3402,1.33994,,2.4000000000001798,0,0.0,,,,,,1.34054,2025-10-09 06:05:00+00:00,1.33998,2025-10-09 00:02:00+00:00,1.33998,1,0,1,0,5.60000000000116,0,0,1,1,,9.999999999998899e-05,,0,0,0,0,0,0,0,0,0,0,0,0,7
170,2025-10-09 00:00:00+00:00,2025-10-09 02:00:00+00:00,2025-10-09 02:04:00+00:00,2025-10-09 02:08:00+00:00,25,29,33,RED,1.341,1.34068,1.34132,,,-4,-4.0,,,,,,1.34109,2025-10-09 02:00:00+00:00,1.34066,2025-10-09 02:05:00+00:00,1.34109,1,0,1,0,4.299999999999304,0,0,1,1,,0.000320000000000098,,0,1,0,0,0,0,0,0,0,0,0,0,10
171,2025-10-09 12:00:00+00:00,2025-10-09 13:00:00+00:00,2025-10-09 13:01:00+00:00,2025-10-09 13:05:00+00:00,0,1,5,RED,1.33846,1.3382,1.33886,,4.100000000000215,5,5.0,,,,,,1.33896,2025-10-09 13:06:00+00:00,1.33805,2025-10-09 13:04:00+00:00,1.33896,1,0,1,0,6.499999999998174,0,0,1,1,,0.00039999999999995595,,0,1,0,0,0,0,0,0,0,0,0,0,7
172,2025-10-09 20:00:00+00:00,2025-10-09 21:24:00+00:00,2025-10-09 23:01:00+00:00,2025-10-09 23:56:00+00:00,7,86,112,RED,1.33044,1.32982,1.33062,,,-47,-61.0,,,,,,1.3308,2025-10-09 22:00:00+00:00,1.32952,2025-10-09 23:17:00+00:00,1.3308,1,0,1,0,12.799999999999478,0,0,1,1,,0.00017999999999984695,,0,1,0,0,0,0,0,0,0,0,0,0,107
173,2025-10-10 03:00:00+00:00,2025-10-10 04:01:00+00:00,2025-10-10 04:05:00+00:00,2025-10-10 04:06:00+00:00,1,5,6,RED,1.3312,1.3311,1.33141,,,-1,-1.0,,,,,,1.33134,2025-10-10 04:04:00+00:00,1.3311,2025-10-10 04:05:00+00:00,1.33134,1,0,1,0,2.4000000000001798,0,0,1,1,,0.00021000000000004349,,0,1,0,0,0,0,0,0,0,0,0,0,7
174,2025-10-10 06:00:00+00:00,2025-10-10 07:01:00+00:00,2025-10-10 08:03:00+00:00,2025-10-10 09:17:00+00:00,1,18,54,GREEN,1.3296,1.33068,1.32885,,,-12,-57.0,,,,,,1.3312,2025-10-10 08:58:00+00:00,1.32888,2025-10-10 07:06:00+00:00,1.32888,1,0,1,0,23.199999999998777,0,0,1,1,,0.0007499999999998064,,0,1,0,0,0,0,0,0,0,0,0,0,55
175,2025-10-10 09:00:00+00:00,2025-10-10 10:06:00+00:00,2025-10-10 10:21:00+00:00,2025-10-10 10:25:00+00:00,5,13,17,GREEN,1.3291,1.32979,1.3287,,,-7,-14.0,,,,,,1.32989,2025-10-10 10:22:00+00:00,1.32884,2025-10-10 10:07:00+00:00,1.32884,1,0,1,0,10.499999999999954,0,0,1,1,,0.00039999999999995595,,0,1,0,0,0,0,0,0,0,0,0,0,14
176,2025-10-13 00:00:00+00:00,2025-10-13 01:21:00+00:00,2025-10-13 01:24:00+00:00,2025-10-13 01:31:00+00:00,20,23,30,RED,1.33508,1.3348,1.33508,,,-2,-2.0,,,,,,1.3351,2025-10-13 01:22:00+00:00,1.33452,2025-10-13 01:30:00+00:00,1.3351,1,0,1,0,5.800000000000249,0,0,1,1,,0.0,,0,1,0,0,0,0,0,0,0,0,0,0,12
177,2025-10-13 01:00:00+00:00,2025-10-13 02:25:00+00:00,2025-10-13 02:51:00+00:00,2025-10-13 03:01:00+00:00,2,28,38,RED,1.33548,1.33508,1.33576,,,-26,-26.0,,,,,,1.33565,2025-10-13 02:25:00+00:00,1.33506,2025-10-13 02:51:00+00:00,1.33565,1,0,1,0,5.9000000000009045,0,0,1,1,,0.000280000000000058,,0,1,0,0,0,0,0,0,0,0,0,0,38
178,2025-10-13 04:00:00+00:00,2025-10-13 05:32:00+00:00,2025-10-13 05:35:00+00:00,2025-10-13 05:36:00+00:00,22,25,26,RED,1.33566,1.33553,1.33604,,,-1,-1.0,,,,,,1.33576,2025-10-13 05:34:00+00:00,1.33546,2025-10-13 05:37:00+00:00,1.33576,1,0,1,0,2.9999999999996696,0,0,1,1,,0.0003799999999998249,,0,1,0,0,0,0,0,0,0,0,0,0,6
179,2025-10-13 05:00:00+00:00,2025-10-13 06:00:00+00:00,2025-10-13 06:13:00+00:00,2025-10-13 06:55:00+00:00,0,13,18,GREEN,1.33482,1.33525,1.33471,,,-4,-4.0,,,,,,1.33574,2025-10-13 06:49:00+00:00,1.33461,2025-10-13 06:09:00+00:00,1.33461,1,0,1,0,11.299999999998533,0,0,1,1,,0.00010999999999983245,,0,1,0,0,0,0,0,0,0,0,0,0,20
180,2025-10-13 07:00:00+00:00,2025-10-13 08:13:00+00:00,2025-10-13 11:01:00+00:00,2025-10-13 11:37:00+00:00,11,86,103,GREEN,1.33349,1.33461,1.333,,,-72,-119.0,,,,,,1.33512,2025-10-13 11:02:00+00:00,1.33295,2025-10-13 09:02:00+00:00,1.33295,1,0,1,0,21.700000000000053,0,0,1,1,,0.0004900000000001015,,0,1,0,0,0,0,0,0,0,0,0,0,94
181,2025-10-13 08:00:00+00:00,2025-10-13 09:00:00+00:00,2025-10-13 09:01:00+00:00,2025-10-13 11:57:00+00:00,0,1,13,GREEN,1.33263,1.333,1.3315,,,-1,-1.0,,,,,,1.33348,2025-10-13 10:22:00+00:00,1.33246,2025-10-13 09:00:00+00:00,1.33246,1,0,1,0,10.200000000000209,0,0,1,1,,0.0011300000000000754,,0,1,0,0,0,0,0,0,0,0,0,0,15
182,2025-10-13 19:00:00+00:00,2025-10-13 20:36:00+00:00,2025-10-13 20:41:00+00:00,2025-10-13 20:42:00+00:00,23,28,29,GREEN,1.33308,1.33311,1.33302,,,-2,-2.0,,,,,,1.33313,2025-10-13 20:41:00+00:00,1.33303,2025-10-13 20:39:00+00:00,1.33303,1,0,1,0,0.9999999999998899,0,0,1,1,,5.999999999994898e-05,,0,1,0,0,0,0,0,0,0,0,0,0,8
183,2025-10-14 07:00:00+00:00,2025-10-14 08:01:00+00:00,2025-10-14 08:31:00+00:00,2025-10-14 10:22:00+00:00,1,3,23,GREEN,1.3257,1.32748,1.32525,,,-2,-30.0,,,,,,1.32814,2025-10-14 08:46:00+00:00,1.32548,2025-10-14 08:01:00+00:00,1.32548,1,0,1,0,26.600000000001067,0,0,1,1,,0.00045000000000006146,,0,1,0,0,0,0,0,0,0,0,0,0,24
184,2025-10-14 08:00:00+00:00,2025-10-14 13:49:00+00:00,2025-10-14 13:49:00+00:00,2025-10-14 13:51:00+00:00,26,26,28,RED,1.32841,1.32834,1.32842,,2.500000000000835,3,3.0,,,,,,1.32858,2025-10-14 13:52:00+00:00,1.32816,2025-10-14 13:50:00+00:00,1.32858,1,0,1,0,2.20000000000109,0,0,1,1,,9.999999999843467e-06,,0,0,0,0,0,0,0,0,0,0,0,0,4
185,2025-10-14 14:00:00+00:00,2025-10-14 15:26:00+00:00,2025-10-14 15:26:00+00:00,2025-10-14 15:30:00+00:00,13,13,15,RED,1.32968,1.3296,1.33032,,3.1999999999987594,0,0.0,,,,,,1.32973,2025-10-14 15:26:00+00:00,1.32916,2025-10-14 15:30:00+00:00,1.32973,1,0,1,0,5.700000000001815,0,0,1,1,,0.0006399999999999739,,0,0,0,0,0,0,0,0,0,0,0,0,4
186,2025-10-14 20:00:00+00:00,2025-10-14 21:21:00+00:00,2025-10-14 21:22:00+00:00,2025-10-14 21:23:00+00:00,15,16,17,GREEN,1.33204,1.33224,1.33142,,3.4000000000000696,0,0.0,,,,,,1.33238,2025-10-14 21:22:00+00:00,1.33196,2025-10-14 21:22:00+00:00,1.33196,1,0,1,0,4.199999999998649,0,0,1,1,,0.0006199999999998429,,0,1,0,0,0,0,0,0,0,0,0,0,4
187,2025-10-15 02:00:00+00:00,2025-10-15 03:01:00+00:00,2025-10-15 09:03:00+00:00,2025-10-15 09:30:00+00:00,1,118,132,RED,1.33494,1.33408,1.33514,,,-44,-104.0,,,,,,1.33549,2025-10-15 07:19:00+00:00,1.33379,2025-10-15 09:10:00+00:00,1.33549,1,0,1,0,17.000000000000348,0,0,1,1,,0.00019999999999997797,,0,1,0,0,0,0,0,0,0,0,0,0,133
188,2025-10-15 06:00:00+00:00,2025-10-15 11:02:00+00:00,2025-10-15 11:17:00+00:00,2025-10-15 11:18:00+00:00,25,39,40,RED,1.33626,1.3359,1.33736,,,-1,-1.0,,,,,,1.33658,2025-10-15 11:16:00+00:00,1.33571,2025-10-15 11:17:00+00:00,1.33658,1,0,1,0,8.700000000001484,0,0,1,1,,0.001100000000000101,,0,1,0,0,0,0,0,0,0,0,0,0,17
189,2025-10-15 10:00:00+00:00,2025-10-15 11:12:00+00:00,2025-10-15 11:17:00+00:00,2025-10-15 11:22:00+00:00,9,14,15,RED,1.33647,1.33572,1.3366,,,-2,-2.0,,,,,,1.33667,2025-10-15 11:15:00+00:00,1.33571,2025-10-15 11:17:00+00:00,1.33667,1,0,1,0,9.600000000000719,0,0,1,1,,0.00012999999999996348,,0,1,0,0,0,0,0,0,0,0,0,0,8
190,2025-10-15 20:00:00+00:00,2025-10-15 21:07:00+00:00,2025-10-15 21:58:00+00:00,2025-10-15 22:00:00+00:00,3,25,27,RED,1.34024,1.33938,1.3408,,,-21,-50.0,,,,,,1.34034,2025-10-15 21:08:00+00:00,1.33924,2025-10-15 21:58:00+00:00,1.34034,1,0,1,0,11.000000000001009,0,0,1,1,,0.0005599999999998939,,0,1,0,0,0,0,0,0,0,0,0,0,26
191,2025-10-16 00:00:00+00:00,2025-10-16 04:03:00+00:00,2025-10-16 06:53:00+00:00,2025-10-16 07:41:00+00:00,29,55,56,RED,1.34222,1.34048,1.34286,,,-25,-169.0,,,,,,1.3423,2025-10-16 04:04:00+00:00,1.3404,2025-10-16 06:53:00+00:00,1.3423,6,0,1,0,19.000000000000128,0,0,1,1,,0.0006399999999999739,,0,1,0,0,0,0,0,0,0,0,0,0,29
192,2025-10-16 01:00:00+00:00,2025-10-16 02:13:00+00:00,2025-10-16 02:44:00+00:00,2025-10-16 08:04:00+00:00,11,29,62,RED,1.34362,1.34286,1.34422,,,-18,-31.0,,,,,,1.34372,2025-10-16 02:13:00+00:00,1.34201,2025-10-16 07:59:00+00:00,1.34372,1,0,1,0,17.100000000001003,0,0,1,1,,0.0005999999999999339,,0,1,0,0,0,0,0,0,0,0,0,0,53
193,2025-10-16 04:00:00+00:00,2025-10-16 05:07:00+00:00,2025-10-16 06:15:00+00:00,2025-10-16 06:25:00+00:00,7,56,63,GREEN,1.34143,1.34219,1.34126,,,-10,-11.0,,,,,,1.3423,2025-10-16 06:23:00+00:00,1.34096,2025-10-16 06:04:00+00:00,1.34096,1,0,1,0,13.400000000001189,0,0,1,1,,0.00017000000000000348,,0,1,0,0,0,0,0,0,0,0,0,0,58
194,2025-10-16 07:00:00+00:00,2025-10-16 11:22:00+00:00,2025-10-16 11:29:00+00:00,2025-10-16 11:35:00+00:00,11,18,24,RED,1.34266,1.3423,1.34279,,,-5,-5.0,,,,,,1.34281,2025-10-16 11:24:00+00:00,1.34217,2025-10-16 11:33:00+00:00,1.34281,2,0,1,0,6.399999999999739,0,0,1,1,,0.00012999999999996348,,0,1,0,0,0,0,0,0,0,0,0,0,15
195,2025-10-16 08:00:00+00:00,2025-10-16 09:10:00+00:00,2025-10-16 11:05:00+00:00,2025-10-16 11:46:00+00:00,7,59,80,RED,1.34382,1.34279,1.34432,,,-6,-29.0,,,,,,1.34419,2025-10-16 10:36:00+00:00,1.34243,2025-10-16 11:38:00+00:00,1.34419,1,0,1,0,17.599999999999838,0,0,1,1,,0.0004999999999999449,,0,1,0,0,0,0,0,0,0,0,0,0,75
196,2025-10-16 12:00:00+00:00,2025-10-16 13:22:00+00:00,2025-10-16 13:24:00+00:00,2025-10-16 17:26:00+00:00,10,12,17,RED,1.34478,1.34456,1.3449,,,-2,-2.0,,,,,,1.34498,2025-10-16 13:22:00+00:00,1.34414,2025-10-16 17:26:00+00:00,1.34498,1,0,1,0,8.40000000000174,0,0,1,1,,0.00011999999999989797,,0,1,0,0,0,0,0,0,0,0,0,0,9
197,2025-10-16 13:00:00+00:00,2025-10-16 14:12:00+00:00,2025-10-16 14:15:00+00:00,2025-10-16 15:56:00+00:00,4,7,23,GREEN,1.34208,1.3424,1.34203,,8.399999999999519,17,103.0,,,,,,1.34292,2025-10-16 15:36:00+00:00,1.34186,2025-10-16 15:58:00+00:00,1.34186,1,0,1,0,4.100000000000215,0,0,1,1,,4.999999999988347e-05,,0,1,0,0,0,0,0,0,0,0,0,0,21
198,2025-10-16 17:00:00+00:00,2025-10-16 18:00:00+00:00,2025-10-16 18:03:00+00:00,2025-10-16 18:05:00+00:00,0,3,4,RED,1.34381,1.34334,1.3448,,,-3,-3.0,,,,,,1.34383,2025-10-16 18:00:00+00:00,1.34332,2025-10-16 18:03:00+00:00,1.34383,2,0,1,0,5.1000000000001044,0,0,1,1,,0.0009900000000000464,,0,1,0,0,0,0,0,0,0,0,0,0,6
199,2025-10-17 00:00:00+00:00,2025-10-17 01:03:00+00:00,2025-10-17 01:14:00+00:00,2025-10-17 01:15:00+00:00,1,7,8,RED,1.34472,1.34455,1.34522,,,-6,-11.0,,,,,,1.34514,2025-10-17 01:03:00+00:00,1.34436,2025-10-17 01:16:00+00:00,1.34514,1,0,1,0,7.800000000000029,0,0,1,1,,0.000500000000000167,,0,1,0,0,0,0,0,0,0,0,0,0,9
200,2025-10-17 01:00:00+00:00,2025-10-17 02:13:00+00:00,2025-10-17 02:16:00+00:00,2025-10-17 02:17:00+00:00,4,7,8,GREEN,1.34388,1.34402,1.3438,,,-1,-1.0,,,,,,1.3441,2025-10-17 02:18:00+00:00,1.34375,2025-10-17 02:15:00+00:00,1.34375,1,0,1,0,3.5000000000007248,0,0,1,1,,7.999999999985796e-05,,0,1,0,0,0,0,0,0,0,0,0,0,6
