time,open,high,low,close,direction,breakout_level,Trigger,Outer,PTarget,fib_236,fib_382,fib_50,fib_618,fib_764
2025-08-26 05:00:00+00:00,1.3457,1.34682,1.34538,1.34656,GREEN,1.34586,1.34656,1.34538,1.34682,1.34648016,1.34626992,1.3460999999999999,1.34593008,1.34571984
2025-08-26 09:00:00+00:00,1.34634,1.34814,1.34614,1.34798,GREEN,1.34698,1.34798,1.34614,1.34814,1.3476679999999999,1.347376,1.34714,1.3469039999999999,1.346612
2025-08-26 11:00:00+00:00,1.34792,1.34934,1.34767,1.3488,GREEN,1.34822,1.3488,1.34767,1.34934,1.34894588,1.34870206,1.3485049999999998,1.34830794,1.3480641199999999
2025-08-26 17:00:00+00:00,1.34778,1.34808,1.34726,1.34727,RED,1.3477,1.34727,1.34808,1.34726,1.3478864799999999,1.3477667599999998,1.34767,1.34757324,1.34745352
2025-08-26 20:00:00+00:00,1.34786,1.34786,1.34729,1.34776,RED,1.34784,1.34776,1.34786,1.34729,1.34772548,1.34764226,1.347575,1.3475077400000002,1.3474245200000001
2025-08-26 21:00:00+00:00,1.34802,1.34824,1.34768,1.34808,GREEN,1.34786,1.34808,1.34768,1.34824,1.3481078400000002,1.3480260800000001,1.34796,1.34789392,1.34781216
2025-08-27 00:00:00+00:00,1.34769,1.34782,1.3469,1.34716,RED,1.34754,1.34716,1.34782,1.3469,1.34760288,1.34746856,1.3473600000000001,1.34725144,1.34711712
2025-08-27 02:00:00+00:00,1.347,1.34708,1.34602,1.34626,RED,1.34689,1.34626,1.34708,1.34602,1.34682984,1.34667508,1.3465500000000001,1.34642492,1.34627016
2025-08-27 03:00:00+00:00,1.34625,1.34666,1.34556,1.34577,RED,1.34602,1.34577,1.34666,1.34556,1.3464004,1.3462398,1.34611,1.3459802,1.3458196
2025-08-27 04:00:00+00:00,1.34579,1.34582,1.34471,1.34486,RED,1.34556,1.34486,1.34582,1.34471,1.34555804,1.34539598,1.345265,1.3451340200000002,1.34497196
2025-08-27 06:00:00+00:00,1.34562,1.34658,1.34526,1.34641,GREEN,1.34561,1.34641,1.34526,1.34658,1.34626848,1.34607576,1.34592,1.34576424,1.34557152
2025-08-27 10:00:00+00:00,1.34414,1.3442,1.34213,1.34223,RED,1.34404,1.34223,1.3442,1.34213,1.34371148,1.34340926,1.343165,1.34292074,1.34261852
2025-08-27 12:00:00+00:00,1.34308,1.34452,1.34308,1.34416,GREEN,1.34354,1.34416,1.34308,1.34452,1.34418016,1.34396992,1.3437999999999999,1.34363008,1.34341984
2025-08-27 13:00:00+00:00,1.34416,1.34559,1.3436,1.34472,GREEN,1.34452,1.34472,1.3436,1.34559,1.3451203600000001,1.34482982,1.344595,1.34436018,1.3440696399999998
2025-08-27 14:00:00+00:00,1.34471,1.34614,1.34438,1.34604,GREEN,1.34559,1.34604,1.34438,1.34614,1.3457246399999998,1.3454676799999998,1.34526,1.34505232,1.34479536
2025-08-27 15:00:00+00:00,1.34604,1.34736,1.34604,1.34664,GREEN,1.34614,1.34664,1.34604,1.34736,1.34704848,1.34685576,1.3466999999999998,1.3465442399999998,1.3463515199999998
2025-08-27 16:00:00+00:00,1.34663,1.34975,1.34663,1.34963,GREEN,1.34736,1.34963,1.34663,1.34975,1.34901368,1.34855816,1.34819,1.34782184,1.34736632
2025-08-27 17:00:00+00:00,1.34964,1.35022,1.34931,1.35016,GREEN,1.34975,1.35016,1.34931,1.35022,1.35000524,1.34987238,1.349765,1.34965762,1.34952476
2025-08-27 22:00:00+00:00,1.34962,1.35012,1.34962,1.34994,GREEN,1.3499,1.34994,1.34962,1.35012,1.350002,1.349929,1.3498700000000001,1.349811,1.349738
2025-08-27 23:00:00+00:00,1.34994,1.35064,1.34984,1.35039,GREEN,1.35012,1.35039,1.34984,1.35064,1.3504512,1.3503344,1.3502399999999999,1.3501456,1.3500288
2025-08-28 02:00:00+00:00,1.35045,1.35182,1.35039,1.35165,GREEN,1.35124,1.35165,1.35039,1.35182,1.35148252,1.3512737400000001,1.351105,1.3509362599999999,1.35072748
2025-08-28 04:00:00+00:00,1.3508,1.35094,1.35033,1.35044,RED,1.35078,1.35044,1.35094,1.35033,1.35079604,1.35070698,1.350635,1.35056302,1.35047396
2025-08-28 07:00:00+00:00,1.3504,1.35071,1.3488,1.34994,RED,1.35024,1.34994,1.35071,1.3488,1.35025924,1.34998038,1.349755,1.34952962,1.34925076
2025-08-28 09:00:00+00:00,1.34992,1.35074,1.34988,1.35018,GREEN,1.35014,1.35018,1.34988,1.35074,1.35053704,1.35041148,1.35031,1.35020852,1.35008296
2025-08-28 10:00:00+00:00,1.35018,1.35265,1.34998,1.35214,GREEN,1.35074,1.35214,1.34998,1.35265,1.3520198799999998,1.35163006,1.351315,1.35099994,1.35061012
2025-08-28 12:00:00+00:00,1.35147,1.35195,1.34976,1.35033,RED,1.35122,1.35033,1.35195,1.34976,1.35143316,1.3511134200000001,1.3508550000000001,1.35059658,1.35027684
2025-08-28 14:00:00+00:00,1.35068,1.35272,1.35017,1.35118,GREEN,1.35114,1.35118,1.35017,1.35272,1.3521182,1.3517459,1.351445,1.3511441,1.3507718
2025-08-28 16:00:00+00:00,1.35148,1.35248,1.35136,1.35224,GREEN,1.35182,1.35224,1.35136,1.35248,1.3522156799999998,1.35205216,1.3519199999999998,1.3517878399999999,1.35162432
2025-08-28 18:00:00+00:00,1.35212,1.35228,1.35136,1.3516,RED,1.35183,1.3516,1.35228,1.35136,1.3520628799999999,1.35192856,1.35182,1.3517114399999999,1.35157712
2025-08-28 19:00:00+00:00,1.3516,1.35172,1.35107,1.35122,RED,1.35136,1.35122,1.35172,1.35107,1.3515666,1.3514717,1.3513950000000001,1.3513183,1.3512234
2025-08-28 22:00:00+00:00,1.35104,1.35114,1.35067,1.35072,RED,1.35086,1.35072,1.35114,1.35067,1.35102908,1.35096046,1.350905,1.35084954,1.35078092
2025-08-29 01:00:00+00:00,1.3509,1.35116,1.34958,1.34986,RED,1.35032,1.34986,1.35116,1.34958,1.35078712,1.3505564399999999,1.3503699999999998,1.35018356,1.34995288
2025-08-29 04:00:00+00:00,1.34987,1.35032,1.34944,1.35032,GREEN,1.35025,1.35032,1.34944,1.35032,1.35011232,1.34998384,1.34988,1.34977616,1.34964768
2025-08-29 06:00:00+00:00,1.35,1.35024,1.349,1.34908,RED,1.3493,1.34908,1.35024,1.349,1.34994736,1.34976632,1.34962,1.34947368,1.34929264
2025-08-29 08:00:00+00:00,1.34912,1.34943,1.347,1.34775,RED,1.34838,1.34775,1.34943,1.347,1.34885652,1.34850174,1.348215,1.34792826,1.3475734799999999
2025-08-29 09:00:00+00:00,1.34776,1.3479,1.34597,1.346,RED,1.347,1.346,1.3479,1.34597,1.34744452,1.3471627400000001,1.3469350000000002,1.34670726,1.3464254800000002
2025-08-29 11:00:00+00:00,1.34618,1.34622,1.34506,1.34535,RED,1.34541,1.34535,1.34622,1.34506,1.34594624,1.3457768799999998,1.34564,1.34550312,1.34533376
2025-08-29 13:00:00+00:00,1.34605,1.34701,1.34468,1.34691,GREEN,1.34627,1.34691,1.34468,1.34701,1.3464601200000001,1.3461199400000001,1.3458450000000002,1.34557006,1.34522988
2025-08-29 14:00:00+00:00,1.34693,1.35144,1.34681,1.35098,GREEN,1.34701,1.35098,1.34681,1.35144,1.35034732,1.34967134,1.349125,1.34857866,1.34790268
2025-08-29 18:00:00+00:00,1.35032,1.35112,1.34997,1.35104,GREEN,1.35082,1.35104,1.34997,1.35112,1.3508486,1.3506807,1.3505449999999999,1.3504093,1.3502414
2025-08-29 19:00:00+00:00,1.35102,1.35156,1.35057,1.35154,GREEN,1.35112,1.35154,1.35057,1.35156,1.35132636,1.35118182,1.3510650000000002,1.35094818,1.35080364
2025-08-29 20:00:00+00:00,1.35155,1.35171,1.35001,1.35047,RED,1.35057,1.35047,1.35171,1.35001,1.3513088,1.3510606,1.35086,1.3506593999999998,1.3504112
2025-09-01 00:00:00+00:00,1.35033,1.35195,1.35024,1.35184,GREEN,1.35054,1.35184,1.35024,1.35195,1.35154644,1.35129678,1.351095,1.3508932200000001,1.3506435600000002
2025-09-01 02:00:00+00:00,1.35124,1.35291,1.35123,1.3527,GREEN,1.35194,1.3527,1.35123,1.35291,1.35251352,1.35226824,1.3520699999999999,1.35187176,1.35162648
2025-09-01 04:00:00+00:00,1.35234,1.35238,1.35168,1.35184,RED,1.352,1.35184,1.35238,1.35168,1.3522147999999998,1.3521125999999999,1.35203,1.3519474,1.3518452
2025-09-01 05:00:00+00:00,1.35183,1.35278,1.35174,1.35253,GREEN,1.35238,1.35253,1.35174,1.35278,1.35253456,1.35238272,1.35226,1.35213728,1.35198544
2025-09-01 06:00:00+00:00,1.35252,1.35408,1.3523,1.35318,GREEN,1.35278,1.35318,1.3523,1.35408,1.35365992,1.35340004,1.3531900000000001,1.35297996,1.35272008
2025-09-01 12:00:00+00:00,1.35242,1.35338,1.35238,1.35334,GREEN,1.35332,1.35334,1.35238,1.35338,1.353144,1.352998,1.3528799999999999,1.352762,1.352616
2025-09-01 13:00:00+00:00,1.35335,1.3545,1.3531,1.35369,GREEN,1.35338,1.35369,1.3531,1.3545,1.3541696,1.3539652,1.3538000000000001,1.3536348,1.3534304
2025-09-01 14:00:00+00:00,1.35368,1.35498,1.35348,1.35474,GREEN,1.3545,1.35474,1.35348,1.35498,1.354626,1.3544070000000001,1.35423,1.354053,1.353834
2025-09-01 18:00:00+00:00,1.35426,1.35441,1.35416,1.35438,GREEN,1.35433,1.35438,1.35416,1.35441,1.3543509999999999,1.3543144999999999,1.354285,1.3542555,1.354219
2025-09-01 19:00:00+00:00,1.3544,1.35495,1.35436,1.35488,GREEN,1.35441,1.35488,1.35436,1.35495,1.3548107600000001,1.35472462,1.3546550000000002,1.35458538,1.35449924
2025-09-01 21:00:00+00:00,1.35464,1.35471,1.35406,1.35431,RED,1.35447,1.35431,1.35471,1.35406,1.3545566,1.3544617,1.3543850000000002,1.3543083,1.3542134000000001
2025-09-02 00:00:00+00:00,1.35464,1.35486,1.35352,1.35378,RED,1.3544,1.35378,1.35486,1.35352,1.3545437599999999,1.35434812,1.35419,1.35403188,1.3538362400000001
2025-09-02 02:00:00+00:00,1.35364,1.35364,1.35237,1.35292,RED,1.35331,1.35292,1.35364,1.35237,1.35334028,1.35315486,1.353005,1.35285514,1.35266972
2025-09-02 05:00:00+00:00,1.35276,1.3531,1.35202,1.35211,RED,1.35232,1.35211,1.3531,1.35202,1.35284512,1.35268744,1.35256,1.35243256,1.35227488
2025-09-02 06:00:00+00:00,1.35211,1.35336,1.35211,1.35314,GREEN,1.3531,1.35314,1.35211,1.35336,1.353065,1.3528825,1.352735,1.3525874999999998,1.3524049999999999
2025-09-02 07:00:00+00:00,1.35314,1.35334,1.3394,1.34034,RED,1.35211,1.34034,1.35334,1.3394,1.3500501599999999,1.34801492,1.3463699999999998,1.34472508,1.34268984
2025-09-02 10:00:00+00:00,1.33998,1.34016,1.33716,1.33789,RED,1.33815,1.33789,1.34016,1.33716,1.339452,1.339014,1.33866,1.338306,1.3378679999999998
2025-09-02 12:00:00+00:00,1.33839,1.33974,1.33403,1.33518,RED,1.33697,1.33518,1.33974,1.33403,1.33839244,1.33755878,1.336885,1.33621122,1.33537756
2025-09-02 14:00:00+00:00,1.33906,1.34188,1.33906,1.33972,GREEN,1.33961,1.33972,1.33906,1.34188,1.3412144799999999,1.3408027599999999,1.3404699999999998,1.34013724,1.33972552
2025-09-02 15:00:00+00:00,1.33972,1.34004,1.33744,1.33898,RED,1.33906,1.33898,1.34004,1.33744,1.3394264,1.3390468,1.33874,1.3384331999999999,1.3380535999999998
2025-09-02 18:00:00+00:00,1.33844,1.33869,1.3375,1.33794,RED,1.33841,1.33794,1.33869,1.3375,1.3384091599999999,1.33823542,1.338095,1.33795458,1.33778084
2025-09-02 19:00:00+00:00,1.33794,1.33914,1.33792,1.33907,GREEN,1.33869,1.33907,1.33792,1.33914,1.3388520799999999,1.33867396,1.33853,1.33838604,1.33820792
2025-09-02 20:00:00+00:00,1.33908,1.33976,1.33905,1.33958,GREEN,1.33914,1.33958,1.33905,1.33976,1.33959244,1.3394887800000002,1.3394050000000002,1.33932122,1.33921756
2025-09-02 22:00:00+00:00,1.33946,1.33958,1.33866,1.3387,RED,1.33888,1.3387,1.33958,1.33866,1.33936288,1.33922856,1.3391199999999999,1.33901144,1.33887712
2025-09-02 23:00:00+00:00,1.3387,1.33879,1.33813,1.33813,RED,1.33866,1.33813,1.33879,1.33813,1.33863424,1.33853788,1.33846,1.33838212,1.33828576
2025-09-03 00:00:00+00:00,1.33814,1.33834,1.33724,1.3376,RED,1.33813,1.3376,1.33834,1.33724,1.3380804000000002,1.3379198,1.33779,1.3376602,1.3374996
2025-09-03 01:00:00+00:00,1.33758,1.3378,1.33674,1.33694,RED,1.33724,1.33694,1.3378,1.33674,1.33754984,1.33739508,1.3372700000000002,1.33714492,1.33699016
2025-09-03 02:00:00+00:00,1.33694,1.33754,1.33634,1.33656,RED,1.33674,1.33656,1.33754,1.33634,1.3372568,1.3370816,1.33694,1.3367984,1.3366232
2025-09-03 03:00:00+00:00,1.33656,1.33704,1.33615,1.33616,RED,1.33634,1.33616,1.33704,1.33615,1.33682996,1.3367000199999999,1.336595,1.33648998,1.33636004
2025-09-03 06:00:00+00:00,1.33625,1.33911,1.33621,1.33765,GREEN,1.3374,1.33765,1.33621,1.33911,1.3384255999999999,1.3380022,1.33766,1.3373178,1.3368943999999998
2025-09-03 08:00:00+00:00,1.33664,1.34096,1.33664,1.34073,GREEN,1.33807,1.34073,1.33664,1.34096,1.3399404799999999,1.33930976,1.3388,1.33829024,1.33765952
2025-09-03 11:00:00+00:00,1.3404,1.34127,1.33977,1.34119,GREEN,1.34115,1.34119,1.33977,1.34127,1.340916,1.340697,1.34052,1.3403429999999998,1.3401239999999999
2025-09-03 12:00:00+00:00,1.34118,1.343,1.34088,1.3425,GREEN,1.34127,1.3425,1.34088,1.343,1.34249968,1.34219016,1.3419400000000001,1.3416898400000001,1.34138032
2025-09-03 15:00:00+00:00,1.34335,1.34543,1.34302,1.34478,GREEN,1.34468,1.34478,1.34302,1.34543,1.34486124,1.34450938,1.344225,1.34394062,1.34358876
2025-09-03 17:00:00+00:00,1.34501,1.34586,1.34389,1.34414,RED,1.3444,1.34414,1.34586,1.34389,1.34539508,1.3451074600000001,1.344875,1.34464254,1.34435492
2025-09-03 20:00:00+00:00,1.34385,1.34466,1.34383,1.3446,GREEN,1.34418,1.3446,1.34383,1.34466,1.34446412,1.34434294,1.344245,1.34414706,1.34402588
2025-09-03 22:00:00+00:00,1.34427,1.34436,1.3439,1.34392,RED,1.34396,1.34392,1.34436,1.3439,1.34425144,1.3441842800000001,1.34413,1.34407572,1.34400856
2025-09-04 02:00:00+00:00,1.34374,1.3438,1.34294,1.34312,RED,1.34335,1.34312,1.3438,1.34294,1.3435970400000001,1.34347148,1.3433700000000002,1.34326852,1.34314296
2025-09-04 03:00:00+00:00,1.3431,1.34332,1.3426,1.34284,RED,1.34294,1.34284,1.34332,1.3426,1.34315008,1.34304496,1.3429600000000002,1.34287504,1.34276992
2025-09-04 06:00:00+00:00,1.34282,1.34412,1.34282,1.34357,GREEN,1.34302,1.34357,1.34282,1.34412,1.3438132,1.3436234,1.34347,1.3433165999999999,1.3431267999999998
2025-09-04 07:00:00+00:00,1.34356,1.34384,1.34166,1.34274,RED,1.34282,1.34274,1.34384,1.34166,1.34332552,1.34300724,1.34275,1.34249276,1.34217448
2025-09-04 08:00:00+00:00,1.34274,1.3457,1.34269,1.34542,GREEN,1.34384,1.34542,1.34269,1.3457,1.3449896399999999,1.34455018,1.344195,1.34383982,1.34340036
2025-09-04 11:00:00+00:00,1.34488,1.3449,1.34256,1.34336,RED,1.34378,1.34336,1.3449,1.34256,1.34434776,1.34400612,1.3437299999999999,1.34345388,1.34311224
2025-09-04 16:00:00+00:00,1.34388,1.34396,1.34174,1.34216,RED,1.34261,1.34216,1.34396,1.34174,1.34343608,1.34311196,1.3428499999999999,1.3425880399999999,1.34226392
2025-09-04 19:00:00+00:00,1.34262,1.34366,1.34262,1.3436,GREEN,1.34316,1.3436,1.34262,1.34366,1.34341456,1.34326272,1.34314,1.34301728,1.34286544
2025-09-04 23:00:00+00:00,1.34335,1.3445,1.34335,1.3444,GREEN,1.34358,1.3444,1.34335,1.3445,1.3442286,1.3440607,1.343925,1.3437893,1.3436214
2025-09-05 00:00:00+00:00,1.3444,1.34504,1.3442,1.34492,GREEN,1.3445,1.34492,1.3442,1.34504,1.34484176,1.34471912,1.34462,1.3445208800000001,1.34439824
2025-09-05 01:00:00+00:00,1.34492,1.34542,1.34469,1.34518,GREEN,1.34504,1.34518,1.34469,1.34542,1.34524772,1.34514114,1.345055,1.34496886,1.34486228
2025-09-05 04:00:00+00:00,1.34541,1.34548,1.34482,1.34504,RED,1.34522,1.34504,1.34548,1.34482,1.34532424,1.34522788,1.3451499999999998,1.34507212,1.3449757599999999
2025-09-05 05:00:00+00:00,1.34505,1.34634,1.34499,1.34618,GREEN,1.34548,1.34618,1.34499,1.34634,1.3460214000000001,1.3458243,1.345665,1.3455057,1.3453085999999999
2025-09-05 08:00:00+00:00,1.34642,1.34722,1.34622,1.34702,GREEN,1.34666,1.34702,1.34622,1.34722,1.346984,1.346838,1.34672,1.346602,1.346456
2025-09-05 09:00:00+00:00,1.34702,1.34813,1.34674,1.34811,GREEN,1.34722,1.34811,1.34674,1.34813,1.34780196,1.34759902,1.347435,1.34727098,1.3470680400000001
2025-09-05 11:00:00+00:00,1.34784,1.34836,1.34616,1.3462,RED,1.34779,1.3462,1.34836,1.34616,1.3478408,1.3475196,1.34726,1.3470004,1.3466792
2025-09-05 12:00:00+00:00,1.34621,1.35352,1.34578,1.35212,GREEN,1.34836,1.35212,1.34578,1.35352,1.35169336,1.35056332,1.34965,1.34873668,1.34760664
2025-09-05 13:00:00+00:00,1.35214,1.35499,1.35138,1.35484,GREEN,1.35352,1.35484,1.35138,1.35499,1.35413804,1.35361098,1.3531849999999999,1.35275902,1.35223196
2025-09-05 17:00:00+00:00,1.35262,1.35262,1.3511,1.35128,RED,1.35254,1.35128,1.35262,1.3511,1.35226128,1.35203936,1.3518599999999998,1.3516806399999999,1.35145872
2025-09-05 18:00:00+00:00,1.35127,1.35147,1.3501,1.35052,RED,1.3511,1.35052,1.35147,1.3501,1.35114668,1.35094666,1.3507850000000001,1.35062334,1.35042332
2025-09-07 21:00:00+00:00,1.35036,1.35046,1.34994,1.35005,RED,1.35024,1.35005,1.35046,1.34994,1.35033728,1.35026136,1.3502,1.35013864,1.35006272
2025-09-07 22:00:00+00:00,1.35014,1.3505,1.34827,1.3487,RED,1.34994,1.3487,1.3505,1.34827,1.3499737200000002,1.34964814,1.349385,1.3491218600000001,1.34879628
2025-09-08 01:00:00+00:00,1.34962,1.35034,1.34907,1.35016,GREEN,1.34962,1.35016,1.34907,1.35034,1.35004028,1.34985486,1.3497050000000002,1.34955514,1.34936972
2025-09-08 02:00:00+00:00,1.35017,1.35054,1.34973,1.3504,GREEN,1.35034,1.3504,1.34973,1.35054,1.35034884,1.35023058,1.350135,1.35003942,1.34992116
2025-09-08 03:00:00+00:00,1.3504,1.35056,1.34947,1.34957,RED,1.34973,1.34957,1.35056,1.34947,1.35030276,1.3501436199999999,1.350015,1.34988638,1.34972724
2025-09-08 06:00:00+00:00,1.34966,1.35189,1.34966,1.35184,GREEN,1.35039,1.35184,1.34966,1.35189,1.3513637200000002,1.35103814,1.350775,1.3505118600000001,1.35018628
2025-09-08 10:00:00+00:00,1.3509,1.35319,1.35021,1.35304,GREEN,1.35142,1.35304,1.35021,1.35319,1.35248672,1.35205164,1.3517,1.3513483599999998,1.3509132799999999
2025-09-08 12:00:00+00:00,1.35292,1.35494,1.35274,1.35431,GREEN,1.35363,1.35431,1.35274,1.35494,1.3544208,1.3540996,1.35384,1.3535804,1.3532592
2025-09-08 14:00:00+00:00,1.35452,1.35466,1.3531,1.35353,RED,1.35402,1.35353,1.35466,1.3531,1.35429184,1.35406408,1.35388,1.35369592,1.35346816
2025-09-08 17:00:00+00:00,1.35376,1.35401,1.35274,1.35277,RED,1.3528,1.35277,1.35401,1.35274,1.35371028,1.35352486,1.353375,1.35322514,1.35303972
2025-09-08 18:00:00+00:00,1.35277,1.3554,1.35276,1.35532,GREEN,1.35401,1.35532,1.35276,1.3554,1.35477696,1.3543915199999998,1.35408,1.35376848,1.35338304
2025-09-08 20:00:00+00:00,1.35505,1.35511,1.35444,1.35454,RED,1.35493,1.35454,1.35511,1.35444,1.35495188,1.35485406,1.354775,1.35469594,1.3545981200000001
2025-09-08 23:00:00+00:00,1.35493,1.35582,1.35493,1.35528,GREEN,1.35499,1.35528,1.35493,1.35582,1.35560996,1.35548002,1.355375,1.35526998,1.35514004
2025-09-09 00:00:00+00:00,1.3553,1.35625,1.35505,1.35586,GREEN,1.35582,1.35586,1.35505,1.35625,1.3559668,1.3557916,1.35565,1.3555084,1.3553332
2025-09-09 01:00:00+00:00,1.35582,1.35704,1.35531,1.35672,GREEN,1.35625,1.35672,1.35531,1.35704,1.35663172,1.35637914,1.356175,1.35597086,1.35571828
2025-09-09 03:00:00+00:00,1.35638,1.35652,1.35582,1.35597,RED,1.35629,1.35597,1.35652,1.35582,1.3563547999999999,1.3562526,1.35617,1.3560874,1.3559852000000001
2025-09-09 04:00:00+00:00,1.35598,1.35756,1.35589,1.3574,GREEN,1.35652,1.3574,1.35589,1.35756,1.3571658800000002,1.35692206,1.356725,1.35652794,1.35628412
2025-09-09 05:00:00+00:00,1.35737,1.35806,1.35708,1.35794,GREEN,1.35756,1.35794,1.35708,1.35806,1.35782872,1.3576856400000001,1.35757,1.35745436,1.35731128
2025-09-09 06:00:00+00:00,1.35795,1.35827,1.35579,1.35662,RED,1.35708,1.35662,1.35827,1.35579,1.3576847200000002,1.35732264,1.35703,1.3567373600000001,1.35637528
2025-09-09 09:00:00+00:00,1.35732,1.35906,1.35729,1.35872,GREEN,1.35758,1.35872,1.35729,1.35906,1.35864228,1.35838386,1.3581750000000001,1.35796614,1.35770772
2025-09-09 11:00:00+00:00,1.35775,1.35786,1.35572,1.35583,RED,1.35747,1.35583,1.35786,1.35572,1.35735496,1.35704252,1.3567900000000002,1.35653748,1.35622504
2025-09-09 12:00:00+00:00,1.35584,1.35604,1.35458,1.35543,RED,1.35572,1.35543,1.35604,1.35458,1.3556954399999999,1.35548228,1.3553099999999998,1.3551377199999999,1.35492456
2025-09-09 14:00:00+00:00,1.35546,1.35745,1.35321,1.35396,RED,1.35516,1.35396,1.35745,1.35321,1.35644936,1.3558303200000001,1.35533,1.35482968,1.35421064
2025-09-09 15:00:00+00:00,1.35397,1.35411,1.35227,1.35313,RED,1.35321,1.35313,1.35411,1.35227,1.35367576,1.35340712,1.3531900000000001,1.35297288,1.35270424
2025-09-09 18:00:00+00:00,1.35264,1.35278,1.35219,1.35227,RED,1.35248,1.35227,1.35278,1.35219,1.35264076,1.35255462,1.3524850000000002,1.35241538,1.35232924
2025-09-09 19:00:00+00:00,1.35226,1.35251,1.35184,1.35194,RED,1.35219,1.35194,1.35251,1.35184,1.35235188,1.3522540600000001,1.352175,1.3520959399999999,1.35199812
2025-09-09 20:00:00+00:00,1.35194,1.35278,1.35183,1.35275,GREEN,1.35251,1.35275,1.35183,1.35278,1.3525558000000002,1.3524171,1.352305,1.3521929000000001,1.3520542
2025-09-09 21:00:00+00:00,1.35253,1.35292,1.3524,1.35281,GREEN,1.35278,1.35281,1.3524,1.35292,1.3527972799999999,1.3527213599999999,1.35266,1.35259864,1.35252272
2025-09-09 22:00:00+00:00,1.35282,1.3531,1.35248,1.35303,GREEN,1.35292,1.35303,1.35248,1.3531,1.35295368,1.3528631599999998,1.35279,1.35271684,1.35262632
2025-09-09 23:00:00+00:00,1.35302,1.35304,1.35185,1.35207,RED,1.35248,1.35207,1.35304,1.35185,1.35275916,1.35258542,1.352445,1.35230458,1.35213084
2025-09-10 02:00:00+00:00,1.35224,1.35324,1.35209,1.35318,GREEN,1.35283,1.35318,1.35209,1.35324,1.3529686,1.3528007,1.352665,1.3525293,1.3523614
2025-09-10 03:00:00+00:00,1.35318,1.35366,1.3531,1.35328,GREEN,1.35324,1.35328,1.3531,1.35366,1.3535278400000001,1.35344608,1.35338,1.35331392,1.35323216
2025-09-10 04:00:00+00:00,1.35328,1.35427,1.35316,1.35423,GREEN,1.35366,1.35423,1.35316,1.35427,1.35400804,1.35384598,1.353715,1.35358402,1.35342196
2025-09-10 06:00:00+00:00,1.35351,1.35436,1.35212,1.35261,RED,1.35324,1.35261,1.35436,1.35212,1.35383136,1.35350432,1.35324,1.35297568,1.35264864
2025-09-10 09:00:00+00:00,1.35274,1.35458,1.35266,1.35427,GREEN,1.3534,1.35427,1.35266,1.35458,1.35412688,1.35384656,1.3536199999999998,1.3533934399999998,1.35311312
2025-09-10 15:00:00+00:00,1.35508,1.35552,1.35429,1.35464,RED,1.35472,1.35464,1.35552,1.35429,1.35522972,1.3550501400000001,1.354905,1.35475986,1.35458028
2025-09-10 16:00:00+00:00,1.35465,1.35496,1.35336,1.35361,RED,1.35429,1.35361,1.35496,1.35336,1.3545824,1.3543488,1.3541599999999998,1.3539712,1.3537375999999999
2025-09-10 19:00:00+00:00,1.3536,1.35369,1.35216,1.35308,RED,1.35322,1.35308,1.35369,1.35216,1.35332892,1.35310554,1.352925,1.35274446,1.35252108
2025-09-10 22:00:00+00:00,1.35285,1.35382,1.35285,1.3538,GREEN,1.35356,1.3538,1.35285,1.35382,1.35359108,1.35344946,1.353335,1.3532205400000001,1.3530789200000002
2025-09-11 00:00:00+00:00,1.35331,1.35334,1.3527,1.35274,RED,1.35332,1.35274,1.35334,1.3527,1.35318896,1.35309552,1.35302,1.35294448,1.35285104
2025-09-11 02:00:00+00:00,1.35298,1.353,1.35226,1.35258,RED,1.35266,1.35258,1.353,1.35226,1.35282536,1.35271732,1.35263,1.35254268,1.35243464
2025-09-11 05:00:00+00:00,1.35269,1.3527,1.35149,1.35166,RED,1.35232,1.35166,1.3527,1.35149,1.35241444,1.35223778,1.352095,1.35195222,1.35177556
2025-09-11 09:00:00+00:00,1.35147,1.35161,1.34944,1.35029,RED,1.35136,1.35029,1.35161,1.34944,1.35109788,1.3507810599999999,1.350525,1.35026894,1.34995212
2025-09-11 12:00:00+00:00,1.35076,1.35492,1.34939,1.3545,GREEN,1.35228,1.3545,1.34939,1.35492,1.35361492,1.35280754,1.352155,1.35150246,1.35069508
2025-09-11 13:00:00+00:00,1.35452,1.35616,1.35398,1.35529,GREEN,1.35492,1.35529,1.35398,1.35616,1.35564552,1.35532724,1.35507,1.35481276,1.35449448
2025-09-11 20:00:00+00:00,1.35779,1.35804,1.35726,1.35742,RED,1.3577,,,,,,,,
2025-09-11 22:00:00+00:00,1.35759,1.35806,1.35737,1.35791,GREEN,1.35774,,,,,,,,
2025-09-12 00:00:00+00:00,1.35741,1.3576,1.35686,1.35728,RED,1.35742,,,,,,,,
2025-09-12 01:00:00+00:00,1.35728,1.35738,1.35568,1.35576,RED,1.35686,,,,,,,,
2025-09-12 03:00:00+00:00,1.35582,1.35588,1.35537,1.35552,RED,1.35556,,,,,,,,
2025-09-12 05:00:00+00:00,1.35564,1.35606,1.35524,1.35592,GREEN,1.35571,,,,,,,,
2025-09-12 07:00:00+00:00,1.35568,1.35751,1.35568,1.35642,GREEN,1.35631,,,,,,,,
2025-09-12 08:00:00+00:00,1.35642,1.35642,1.35311,1.35339,RED,1.35568,,,,,,,,
2025-09-12 10:00:00+00:00,1.35466,1.35586,1.35456,1.35569,GREEN,1.35482,,,,,,,,
2025-09-12 12:00:00+00:00,1.3549,1.35494,1.35242,1.35434,RED,1.3547,,,,,,,,
2025-09-12 14:00:00+00:00,1.35462,1.35698,1.35458,1.3559,GREEN,1.35496,,,,,,,,
2025-09-12 15:00:00+00:00,1.35589,1.35619,1.35436,1.35452,RED,1.35458,,,,,,,,
2025-09-12 18:00:00+00:00,1.356,1.35709,1.356,1.35698,GREEN,1.35682,,,,,,,,
2025-09-12 20:00:00+00:00,1.35615,1.35618,1.35552,1.35598,RED,1.35608,,,,,,,,
2025-09-14 21:00:00+00:00,1.35566,1.35753,1.35482,1.35644,GREEN,1.35618,,,,,,,,
2025-09-14 23:00:00+00:00,1.35571,1.35587,1.3552,1.3553,RED,1.35566,,,,,,,,
2025-09-15 01:00:00+00:00,1.35558,1.35602,1.35529,1.35591,GREEN,1.35562,,,,,,,,
2025-09-15 03:00:00+00:00,1.35598,1.35676,1.35594,1.3565,GREEN,1.35612,,,,,,,,
2025-09-15 05:00:00+00:00,1.35676,1.35681,1.35614,1.35618,RED,1.35647,,,,,,,,
2025-09-15 07:00:00+00:00,1.35626,1.3594,1.35616,1.3582,GREEN,1.3568,,,,,,,,
2025-09-15 10:00:00+00:00,1.35924,1.36135,1.3592,1.36072,GREEN,1.36006,,,,,,,,
2025-09-15 11:00:00+00:00,1.36072,1.36198,1.3605,1.36151,GREEN,1.36135,,,,,,,,
2025-09-15 13:00:00+00:00,1.36148,1.36177,1.35955,1.35963,RED,1.36082,,,,,,,,
2025-09-15 14:00:00+00:00,1.35962,1.35964,1.35848,1.35894,RED,1.35955,,,,,,,,
2025-09-15 15:00:00+00:00,1.35896,1.36074,1.3587,1.36071,GREEN,1.35964,,,,,,,,
2025-09-15 20:00:00+00:00,1.36094,1.36112,1.35968,1.35984,RED,1.36044,,,,,,,,
2025-09-16 02:00:00+00:00,1.36032,1.36142,1.36031,1.36121,GREEN,1.36066,,,,,,,,
2025-09-16 03:00:00+00:00,1.36124,1.36252,1.36109,1.36176,GREEN,1.36142,,,,,,,,
2025-09-16 05:00:00+00:00,1.36158,1.3621,1.36145,1.36206,GREEN,1.36178,,,,,,,,
2025-09-16 06:00:00+00:00,1.36208,1.36335,1.36208,1.363,GREEN,1.3621,,,,,,,,
2025-09-16 09:00:00+00:00,1.36268,1.36458,1.3626,1.3642,GREEN,1.36386,,,,,,,,
2025-09-16 11:00:00+00:00,1.3627,1.36498,1.36241,1.36432,GREEN,1.36425,,,,,,,,
2025-09-16 13:00:00+00:00,1.36409,1.36595,1.3639,1.36582,GREEN,1.36461,,,,,,,,
2025-09-16 16:00:00+00:00,1.36532,1.36644,1.36511,1.36582,GREEN,1.3658,,,,,,,,
2025-09-16 19:00:00+00:00,1.36592,1.36616,1.36504,1.36512,RED,1.36561,,,,,,,,
2025-09-16 20:00:00+00:00,1.3651,1.36538,1.36422,1.36456,RED,1.36504,,,,,,,,
2025-09-17 00:00:00+00:00,1.36527,1.36595,1.36448,1.36452,RED,1.36493,,,,,,,,
2025-09-17 01:00:00+00:00,1.36451,1.36484,1.36394,1.36432,RED,1.36448,,,,,,,,
2025-09-17 05:00:00+00:00,1.36421,1.3649,1.3642,1.36485,GREEN,1.36442,,,,,,,,
2025-09-17 06:00:00+00:00,1.36486,1.36548,1.3635,1.36402,RED,1.3642,,,,,,,,
2025-09-17 07:00:00+00:00,1.36404,1.36419,1.363,1.36349,RED,1.3635,,,,,,,,
2025-09-17 12:00:00+00:00,1.36469,1.36546,1.36436,1.36544,GREEN,1.36526,,,,,,,,
2025-09-17 13:00:00+00:00,1.36544,1.36648,1.36482,1.36628,GREEN,1.36546,,,,,,,,
2025-09-17 18:00:00+00:00,1.3668,1.37266,1.36248,1.36398,RED,1.36596,,,,,,,,
2025-09-17 20:00:00+00:00,1.36372,1.36385,1.36197,1.36244,RED,1.36342,,,,,,,,
2025-09-18 00:00:00+00:00,1.36296,1.363,1.36205,1.36271,RED,1.36276,,,,,,,,
2025-09-18 01:00:00+00:00,1.36272,1.36308,1.36104,1.36177,RED,1.36205,,,,,,,,
2025-09-18 04:00:00+00:00,1.36208,1.36218,1.36048,1.36066,RED,1.36202,,,,,,,,
2025-09-18 05:00:00+00:00,1.36067,1.36101,1.35918,1.35972,RED,1.36048,,,,,,,,
2025-09-18 07:00:00+00:00,1.3595,1.36406,1.35948,1.3633,GREEN,1.3605,,,,,,,,
2025-09-18 11:00:00+00:00,1.36504,1.36612,1.36129,1.36218,RED,1.36416,,,,,,,,
2025-09-18 12:00:00+00:00,1.36217,1.36232,1.35947,1.35948,RED,1.36129,,,,,,,,
2025-09-18 13:00:00+00:00,1.35946,1.3596,1.35342,1.35514,RED,1.35947,,,,,,,,
2025-09-18 21:00:00+00:00,1.35536,1.35568,1.35501,1.35547,GREEN,1.35542,,,,,,,,
2025-09-19 00:00:00+00:00,1.35551,1.35558,1.35404,1.3549,RED,1.35515,,,,,,,,
2025-09-19 01:00:00+00:00,1.35489,1.35506,1.35365,1.35388,RED,1.35404,,,,,,,,
2025-09-19 03:00:00+00:00,1.35413,1.35592,1.35413,1.35507,GREEN,1.35428,,,,,,,,
2025-09-19 06:00:00+00:00,1.35448,1.35456,1.34972,1.35076,RED,1.35412,,,,,,,,
2025-09-19 07:00:00+00:00,1.35078,1.35147,1.3485,1.34912,RED,1.34972,,,,,,,,
2025-09-19 09:00:00+00:00,1.34996,1.35106,1.34954,1.35049,GREEN,1.3502,,,,,,,,
2025-09-19 11:00:00+00:00,1.34968,1.3499,1.34733,1.34776,RED,1.34945,,,,,,,,
2025-09-19 12:00:00+00:00,1.34776,1.34834,1.3463,1.34685,RED,1.34733,,,,,,,,
2025-09-19 13:00:00+00:00,1.34686,1.34948,1.34684,1.34896,GREEN,1.34834,,,,,,,,
2025-09-19 18:00:00+00:00,1.34763,1.34765,1.34668,1.34692,RED,1.34738,,,,,,,,
2025-09-21 23:00:00+00:00,1.34714,1.3472,1.34626,1.34628,RED,1.34683,,,,,,,,
2025-09-22 02:00:00+00:00,1.34664,1.3467,1.34588,1.34594,RED,1.34658,,,,,,,,
2025-09-22 05:00:00+00:00,1.34608,1.34742,1.34594,1.34718,GREEN,1.34628,,,,,,,,
2025-09-22 06:00:00+00:00,1.34718,1.3483,1.34704,1.34748,GREEN,1.34742,,,,,,,,
2025-09-22 08:00:00+00:00,1.34785,1.35036,1.34769,1.34961,GREEN,1.34833,,,,,,,,
2025-09-22 12:00:00+00:00,1.34984,1.35163,1.34902,1.35084,GREEN,1.35,,,,,,,,
2025-09-22 14:00:00+00:00,1.3507,1.35076,1.34924,1.34944,RED,1.34984,,,,,,,,
2025-09-22 16:00:00+00:00,1.35026,1.35206,1.35001,1.35082,GREEN,1.35056,,,,,,,,
2025-09-22 20:00:00+00:00,1.3516,1.3517,1.35122,1.35126,RED,1.3515,,,,,,,,
2025-09-22 22:00:00+00:00,1.35125,1.35168,1.35122,1.35146,GREEN,1.35137,,,,,,,,
2025-09-23 00:00:00+00:00,1.35142,1.35208,1.35114,1.35207,GREEN,1.35162,,,,,,,,
2025-09-23 01:00:00+00:00,1.35206,1.35274,1.35162,1.35232,GREEN,1.35208,,,,,,,,
2025-09-23 02:00:00+00:00,1.35232,1.35244,1.35055,1.35092,RED,1.35162,,,,,,,,
2025-09-23 06:00:00+00:00,1.35074,1.35223,1.35028,1.35158,GREEN,1.35148,,,,,,,,
2025-09-23 08:00:00+00:00,1.35206,1.3528,1.3487,1.35038,RED,1.35053,,,,,,,,
2025-09-23 12:00:00+00:00,1.35146,1.35298,1.351,1.35247,GREEN,1.35206,,,,,,,,
2025-09-23 19:00:00+00:00,1.35169,1.35272,1.35144,1.35252,GREEN,1.3522,,,,,,,,
2025-09-24 00:00:00+00:00,1.35243,1.35263,1.35142,1.3515,RED,1.35221,,,,,,,,
2025-09-24 01:00:00+00:00,1.3515,1.35162,1.3508,1.3511,RED,1.35142,,,,,,,,
2025-09-24 03:00:00+00:00,1.3511,1.35144,1.35066,1.35071,RED,1.35099,,,,,,,,
2025-09-24 06:00:00+00:00,1.35066,1.35113,1.34922,1.34989,RED,1.35012,,,,,,,,
2025-09-24 07:00:00+00:00,1.3499,1.3502,1.34816,1.34848,RED,1.34922,,,,,,,,
2025-09-24 10:00:00+00:00,1.34776,1.34796,1.34644,1.34644,RED,1.34712,,,,,,,,
2025-09-24 11:00:00+00:00,1.34644,1.347,1.34553,1.34576,RED,1.34644,,,,,,,,
2025-09-24 12:00:00+00:00,1.34574,1.3471,1.34364,1.34458,RED,1.34553,,,,,,,,
2025-09-24 14:00:00+00:00,1.34377,1.34576,1.34266,1.34512,GREEN,1.3448,,,,,,,,
2025-09-24 16:00:00+00:00,1.34472,1.34496,1.34392,1.34428,RED,1.34443,,,,,,,,
2025-09-24 17:00:00+00:00,1.34428,1.3456,1.34422,1.34538,GREEN,1.34496,,,,,,,,
2025-09-25 00:00:00+00:00,1.34494,1.34578,1.34487,1.34568,GREEN,1.34538,,,,,,,,
2025-09-25 04:00:00+00:00,1.34615,1.34647,1.34602,1.3463,GREEN,1.34629,,,,,,,,
2025-09-25 05:00:00+00:00,1.34631,1.34632,1.34533,1.3455,RED,1.34602,,,,,,,,
2025-09-25 06:00:00+00:00,1.34546,1.34671,1.34498,1.34646,GREEN,1.34632,,,,,,,,
2025-09-25 07:00:00+00:00,1.34646,1.34651,1.34364,1.34376,RED,1.34498,,,,,,,,
2025-09-25 11:00:00+00:00,1.34464,1.3448,1.34178,1.34218,RED,1.34464,,,,,,,,
2025-09-25 12:00:00+00:00,1.34217,1.34232,1.33723,1.33838,RED,1.34178,,,,,,,,
2025-09-25 13:00:00+00:00,1.33836,1.33946,1.33634,1.33707,RED,1.33723,,,,,,,,
2025-09-25 14:00:00+00:00,1.33705,1.33846,1.33474,1.33478,RED,1.33634,,,,,,,,
2025-09-25 16:00:00+00:00,1.33486,1.33574,1.33362,1.33394,RED,1.33412,,,,,,,,
2025-09-25 17:00:00+00:00,1.33393,1.33438,1.33267,1.33354,RED,1.33362,,,,,,,,
2025-09-25 20:00:00+00:00,1.33368,1.33474,1.33366,1.33438,GREEN,1.33408,,,,,,,,
2025-09-25 23:00:00+00:00,1.3344,1.3344,1.33325,1.33354,RED,1.334,,,,,,,,
2025-09-26 00:00:00+00:00,1.33352,1.3346,1.33296,1.33454,GREEN,1.3344,,,,,,,,
2025-09-26 02:00:00+00:00,1.3342,1.33555,1.33416,1.335,GREEN,1.33484,,,,,,,,
2025-09-26 04:00:00+00:00,1.3354,1.33556,1.33497,1.33545,GREEN,1.33544,,,,,,,,
2025-09-26 06:00:00+00:00,1.33536,1.33644,1.33511,1.3364,GREEN,1.33578,,,,,,,,
2025-09-26 10:00:00+00:00,1.33526,1.33556,1.33434,1.33462,RED,1.33506,,,,,,,,
2025-09-26 12:00:00+00:00,1.33502,1.33772,1.33486,1.3377,GREEN,1.33564,,,,,,,,
2025-09-26 13:00:00+00:00,1.33772,1.33883,1.33754,1.33849,GREEN,1.33772,,,,,,,,
2025-09-26 14:00:00+00:00,1.3385,1.34066,1.33845,1.34018,GREEN,1.33883,,,,,,,,
2025-09-26 18:00:00+00:00,1.34048,1.34117,1.34012,1.34097,GREEN,1.34077,,,,,,,,
2025-09-26 20:00:00+00:00,1.3408,1.34094,1.33976,1.34016,RED,1.34036,,,,,,,,
2025-09-28 23:00:00+00:00,1.34047,1.34114,1.34038,1.34074,GREEN,1.34062,,,,,,,,
2025-09-29 00:00:00+00:00,1.34075,1.3425,1.34068,1.3424,GREEN,1.34114,,,,,,,,
2025-09-29 01:00:00+00:00,1.3424,1.34285,1.34164,1.34268,GREEN,1.3425,,,,,,,,
2025-09-29 02:00:00+00:00,1.3427,1.34342,1.34261,1.34298,GREEN,1.34285,,,,,,,,
2025-09-29 04:00:00+00:00,1.3432,1.34418,1.34286,1.34375,GREEN,1.34346,,,,,,,,
2025-09-29 07:00:00+00:00,1.34381,1.34499,1.34366,1.34466,GREEN,1.34426,,,,,,,,
2025-09-29 08:00:00+00:00,1.34468,1.34504,1.34316,1.34356,RED,1.34366,,,,,,,,
2025-09-29 09:00:00+00:00,1.34355,1.34429,1.343,1.34314,RED,1.34316,,,,,,,,
2025-09-29 10:00:00+00:00,1.34312,1.34332,1.34252,1.34283,RED,1.343,,,,,,,,
2025-09-29 11:00:00+00:00,1.34284,1.34476,1.34245,1.34474,GREEN,1.34332,,,,,,,,
2025-09-29 12:00:00+00:00,1.34474,1.34571,1.34344,1.34516,GREEN,1.34476,,,,,,,,
2025-09-29 14:00:00+00:00,1.34382,1.344,1.34158,1.34183,RED,1.34376,,,,,,,,
2025-09-29 17:00:00+00:00,1.3431,1.34342,1.34238,1.3425,RED,1.34264,,,,,,,,
2025-09-29 18:00:00+00:00,1.34251,1.3439,1.34231,1.34378,GREEN,1.34342,,,,,,,,
2025-09-29 20:00:00+00:00,1.3436,1.34361,1.34294,1.34309,RED,1.34342,,,,,,,,
2025-09-29 21:00:00+00:00,1.34294,1.34314,1.34265,1.34282,RED,1.34294,,,,,,,,
2025-09-29 22:00:00+00:00,1.34282,1.34342,1.34276,1.3434,GREEN,1.34314,,,,,,,,
2025-09-29 23:00:00+00:00,1.34341,1.34379,1.34335,1.3435,GREEN,1.34342,,,,,,,,
2025-09-30 00:00:00+00:00,1.34351,1.34362,1.34206,1.34251,RED,1.34335,,,,,,,,
2025-09-30 03:00:00+00:00,1.3431,1.34388,1.34278,1.34354,GREEN,1.34322,,,,,,,,
2025-09-30 10:00:00+00:00,1.34446,1.3451,1.34364,1.34378,RED,1.34409,,,,,,,,
2025-09-30 14:00:00+00:00,1.34436,1.34672,1.3435,1.34617,GREEN,1.34504,,,,,,,,
2025-09-30 18:00:00+00:00,1.34508,1.34532,1.34407,1.34488,RED,1.34497,,,,,,,,
2025-09-30 23:00:00+00:00,1.34441,1.345,1.34424,1.34426,RED,1.34427,,,,,,,,
2025-10-01 00:00:00+00:00,1.34426,1.34442,1.3436,1.34409,RED,1.34424,,,,,,,,
2025-10-01 04:00:00+00:00,1.34409,1.34642,1.34409,1.34631,GREEN,1.34428,,,,,,,,
2025-10-01 09:00:00+00:00,1.34674,1.34753,1.34626,1.34644,RED,1.34666,,,,,,,,
2025-10-01 11:00:00+00:00,1.34711,1.34889,1.34708,1.34821,GREEN,1.3476,,,,,,,,
2025-10-01 12:00:00+00:00,1.34821,1.3522,1.34698,1.35127,GREEN,1.34889,,,,,,,,
2025-10-01 15:00:00+00:00,1.35068,1.35082,1.34708,1.34718,RED,1.34929,,,,,,,,
2025-10-01 18:00:00+00:00,1.34728,1.34896,1.34687,1.3486,GREEN,1.34792,,,,,,,,
2025-10-01 20:00:00+00:00,1.348,1.34801,1.3472,1.34773,RED,1.34788,,,,,,,,
2025-10-01 21:00:00+00:00,1.34774,1.34814,1.3476,1.34812,GREEN,1.34801,,,,,,,,
2025-10-02 00:00:00+00:00,1.34784,1.34786,1.34692,1.34694,RED,1.34782,,,,,,,,
2025-10-02 01:00:00+00:00,1.34695,1.34843,1.34675,1.3484,GREEN,1.34786,,,,,,,,
2025-10-02 03:00:00+00:00,1.34812,1.34815,1.3476,1.34782,RED,1.34798,,,,,,,,
2025-10-02 04:00:00+00:00,1.34782,1.3479,1.34741,1.34756,RED,1.3476,,,,,,,,
2025-10-02 06:00:00+00:00,1.34755,1.34896,1.34736,1.34896,GREEN,1.34788,,,,,,,,
2025-10-02 07:00:00+00:00,1.34898,1.35008,1.34877,1.34944,GREEN,1.34896,,,,,,,,
2025-10-02 08:00:00+00:00,1.34947,1.35104,1.34919,1.35046,GREEN,1.35008,,,,,,,,
2025-10-02 10:00:00+00:00,1.34989,1.34989,1.34801,1.34802,RED,1.34969,,,,,,,,
2025-10-02 11:00:00+00:00,1.34804,1.34831,1.34708,1.34765,RED,1.34801,,,,,,,,
2025-10-02 12:00:00+00:00,1.34764,1.34831,1.34638,1.3466,RED,1.34708,,,,,,,,
2025-10-02 13:00:00+00:00,1.34658,1.34686,1.34264,1.34307,RED,1.34638,,,,,,,,
2025-10-02 14:00:00+00:00,1.34308,1.34308,1.34121,1.34208,RED,1.34264,,,,,,,,
2025-10-02 16:00:00+00:00,1.34212,1.34394,1.34203,1.34392,GREEN,1.34273,,,,,,,,
2025-10-02 18:00:00+00:00,1.34378,1.34481,1.34363,1.34468,GREEN,1.34457,,,,,,,,
2025-10-02 20:00:00+00:00,1.34433,1.34498,1.34386,1.34392,RED,1.34432,,,,,,,,
2025-10-03 05:00:00+00:00,1.34354,1.3437,1.34308,1.34322,RED,1.34352,,,,,,,,
2025-10-03 07:00:00+00:00,1.34341,1.34613,1.34341,1.34604,GREEN,1.3444,,,,,,,,
2025-10-03 12:00:00+00:00,1.34491,1.34599,1.3437,1.34583,GREEN,1.34554,,,,,,,,
2025-10-03 13:00:00+00:00,1.34584,1.3469,1.34506,1.34648,GREEN,1.34599,,,,,,,,
2025-10-03 14:00:00+00:00,1.34663,1.34779,1.34573,1.3472,GREEN,1.3469,,,,,,,,
2025-10-03 15:00:00+00:00,1.3472,1.34853,1.34658,1.34796,GREEN,1.34779,,,,,,,,
2025-10-03 17:00:00+00:00,1.34777,1.34826,1.3467,1.34712,RED,1.34732,,,,,,,,
2025-10-03 19:00:00+00:00,1.34801,1.34842,1.34771,1.3483,GREEN,1.3481,,,,,,,,
2025-10-05 21:00:00+00:00,1.34409,1.34557,1.34395,1.34432,RED,1.34767,,,,,,,,
2025-10-05 22:00:00+00:00,1.34441,1.34494,1.34229,1.34348,RED,1.34395,,,,,,,,
2025-10-06 00:00:00+00:00,1.3432,1.34404,1.34278,1.34404,GREEN,1.34388,,,,,,,,
2025-10-06 01:00:00+00:00,1.34403,1.34508,1.34355,1.34498,GREEN,1.34404,,,,,,,,
2025-10-06 02:00:00+00:00,1.345,1.34577,1.34493,1.34549,GREEN,1.34508,,,,,,,,
2025-10-06 04:00:00+00:00,1.34521,1.34552,1.34456,1.3447,RED,1.34518,,,,,,,,
2025-10-06 05:00:00+00:00,1.3447,1.34528,1.34402,1.34436,RED,1.34456,,,,,,,,
2025-10-06 08:00:00+00:00,1.34436,1.34454,1.34184,1.3436,RED,1.34364,,,,,,,,
2025-10-06 10:00:00+00:00,1.34372,1.34378,1.34224,1.34224,RED,1.34241,,,,,,,,
2025-10-06 12:00:00+00:00,1.34248,1.34406,1.34233,1.34377,GREEN,1.3432,,,,,,,,
2025-10-06 13:00:00+00:00,1.34376,1.34648,1.34375,1.34616,GREEN,1.34406,,,,,,,,
2025-10-06 14:00:00+00:00,1.34614,1.34846,1.34589,1.34803,GREEN,1.34648,,,,,,,,
2025-10-06 17:00:00+00:00,1.34755,1.34842,1.34754,1.34841,GREEN,1.34769,,,,,,,,
2025-10-07 01:00:00+00:00,1.34823,1.34823,1.34727,1.3474,RED,1.34778,,,,,,,,
2025-10-07 04:00:00+00:00,1.34762,1.34808,1.34679,1.34698,RED,1.34746,,,,,,,,
2025-10-07 05:00:00+00:00,1.34698,1.3471,1.34547,1.346,RED,1.34679,,,,,,,,
2025-10-07 06:00:00+00:00,1.34601,1.34602,1.34448,1.34529,RED,1.34547,,,,,,,,
2025-10-07 07:00:00+00:00,1.3453,1.3454,1.34294,1.34369,RED,1.34448,,,,,,,,
2025-10-07 10:00:00+00:00,1.34442,1.34442,1.34244,1.3426,RED,1.34326,,,,,,,,
2025-10-07 11:00:00+00:00,1.34263,1.34284,1.33924,1.34014,RED,1.34244,,,,,,,,
2025-10-07 13:00:00+00:00,1.34144,1.34281,1.34097,1.3418,GREEN,1.34156,,,,,,,,
2025-10-07 14:00:00+00:00,1.3418,1.34336,1.34143,1.34315,GREEN,1.34281,,,,,,,,
2025-10-07 15:00:00+00:00,1.34316,1.34548,1.34311,1.34402,GREEN,1.34336,,,,,,,,
2025-10-07 18:00:00+00:00,1.34409,1.34417,1.34291,1.343,RED,1.344,,,,,,,,
2025-10-07 19:00:00+00:00,1.34301,1.34312,1.3416,1.34214,RED,1.34291,,,,,,,,
2025-10-07 21:00:00+00:00,1.3431,1.34315,1.3426,1.34306,GREEN,1.34262,,,,,,,,
2025-10-07 22:00:00+00:00,1.3431,1.34317,1.34252,1.34254,RED,1.3426,,,,,,,,
2025-10-07 23:00:00+00:00,1.34254,1.34266,1.34198,1.34206,RED,1.34252,,,,,,,,
2025-10-08 00:00:00+00:00,1.34206,1.34216,1.3412,1.34158,RED,1.34198,,,,,,,,
2025-10-08 01:00:00+00:00,1.34158,1.34158,1.33964,1.33974,RED,1.3412,,,,,,,,
2025-10-08 06:00:00+00:00,1.33916,1.33978,1.33841,1.33968,GREEN,1.33937,,,,,,,,
2025-10-08 07:00:00+00:00,1.3397,1.34176,1.33943,1.34173,GREEN,1.33978,,,,,,,,
2025-10-08 09:00:00+00:00,1.34087,1.34138,1.34002,1.34032,RED,1.34055,,,,,,,,
2025-10-08 12:00:00+00:00,1.34076,1.34217,1.34075,1.34194,GREEN,1.34165,,,,,,,,
2025-10-08 13:00:00+00:00,1.34194,1.34308,1.34172,1.34242,GREEN,1.34217,,,,,,,,
2025-10-08 15:00:00+00:00,1.3421,1.34232,1.3387,1.33889,RED,1.3419,,,,,,,,
2025-10-08 18:00:00+00:00,1.33804,1.33897,1.3371,1.33894,GREEN,1.33878,,,,,,,,
2025-10-08 19:00:00+00:00,1.33896,1.34006,1.33896,1.33998,GREEN,1.33897,,,,,,,,
2025-10-08 20:00:00+00:00,1.33998,1.34064,1.33966,1.34036,GREEN,1.34006,,,,,,,,
2025-10-08 23:00:00+00:00,1.34068,1.34068,1.33994,1.34004,RED,1.3402,,,,,,,,
2025-10-09 00:00:00+00:00,1.34003,1.34132,1.33994,1.341,GREEN,1.34068,,,,,,,,
2025-10-09 05:00:00+00:00,1.34127,1.34168,1.34052,1.34057,RED,1.34086,,,,,,,,
2025-10-09 06:00:00+00:00,1.34058,1.34071,1.3358,1.33642,RED,1.34052,,,,,,,,
2025-10-09 07:00:00+00:00,1.33646,1.33728,1.33498,1.33527,RED,1.3358,,,,,,,,
2025-10-09 09:00:00+00:00,1.33618,1.33891,1.33588,1.33873,GREEN,1.3364,,,,,,,,
2025-10-09 12:00:00+00:00,1.33752,1.33886,1.33685,1.33846,GREEN,1.3382,,,,,,,,
2025-10-09 14:00:00+00:00,1.33688,1.33689,1.33261,1.33322,RED,1.33562,,,,,,,,
2025-10-09 15:00:00+00:00,1.33325,1.33344,1.32912,1.33092,RED,1.33261,,,,,,,,
2025-10-09 18:00:00+00:00,1.32984,1.32986,1.32794,1.32814,RED,1.32886,,,,,,,,
2025-10-09 20:00:00+00:00,1.32966,1.33062,1.32958,1.33044,GREEN,1.32982,,,,,,,,
2025-10-10 00:00:00+00:00,1.33026,1.3306,1.32962,1.33046,GREEN,1.33042,,,,,,,,
2025-10-10 03:00:00+00:00,1.33084,1.33141,1.33066,1.3312,GREEN,1.3311,,,,,,,,
2025-10-10 06:00:00+00:00,1.33067,1.33115,1.32885,1.3296,RED,1.33068,,,,,,,,
2025-10-10 08:00:00+00:00,1.33031,1.3313,1.32979,1.33082,GREEN,1.33065,,,,,,,,
2025-10-10 09:00:00+00:00,1.33082,1.33093,1.3287,1.3291,RED,1.32979,,,,,,,,
2025-10-10 10:00:00+00:00,1.32912,1.32989,1.32618,1.32622,RED,1.3287,,,,,,,,
2025-10-10 12:00:00+00:00,1.32721,1.32878,1.32719,1.32796,GREEN,1.32782,,,,,,,,
2025-10-10 14:00:00+00:00,1.32774,1.33095,1.32724,1.33028,GREEN,1.3282,,,,,,,,
2025-10-10 15:00:00+00:00,1.33028,1.33708,1.33016,1.33426,GREEN,1.33095,,,,,,,,
2025-10-10 20:00:00+00:00,1.33498,1.33602,1.33349,1.33601,GREEN,1.33548,,,,,,,,
2025-10-12 23:00:00+00:00,1.33424,1.3348,1.33354,1.33358,RED,1.3337,,,,,,,,
2025-10-13 00:00:00+00:00,1.33358,1.33508,1.33354,1.33508,GREEN,1.3348,,,,,,,,
2025-10-13 01:00:00+00:00,1.33509,1.33576,1.33452,1.33548,GREEN,1.33508,,,,,,,,
2025-10-13 04:00:00+00:00,1.33534,1.33604,1.33525,1.33566,GREEN,1.33553,,,,,,,,
2025-10-13 05:00:00+00:00,1.33566,1.33618,1.33471,1.33482,RED,1.33525,,,,,,,,
2025-10-13 07:00:00+00:00,1.33485,1.335,1.333,1.33349,RED,1.33461,,,,,,,,
2025-10-13 08:00:00+00:00,1.3335,1.33391,1.3315,1.33263,RED,1.333,,,,,,,,
2025-10-13 19:00:00+00:00,1.33344,1.33392,1.33302,1.33308,RED,1.33311,,,,,,,,
2025-10-13 21:00:00+00:00,1.33295,1.33405,1.33295,1.33358,GREEN,1.3335,,,,,,,,
2025-10-14 00:00:00+00:00,1.33323,1.33384,1.33256,1.33364,GREEN,1.33353,,,,,,,,
2025-10-14 01:00:00+00:00,1.33363,1.33474,1.33352,1.33436,GREEN,1.33384,,,,,,,,
2025-10-14 04:00:00+00:00,1.33452,1.33528,1.33434,1.33522,GREEN,1.33502,,,,,,,,
2025-10-14 05:00:00+00:00,1.33522,1.33523,1.33404,1.3341,RED,1.33434,,,,,,,,
2025-10-14 06:00:00+00:00,1.33411,1.33414,1.32748,1.32803,RED,1.33404,,,,,,,,
2025-10-14 07:00:00+00:00,1.32802,1.32834,1.32525,1.3257,RED,1.32748,,,,,,,,
2025-10-14 08:00:00+00:00,1.32566,1.32842,1.32534,1.32841,GREEN,1.32834,,,,,,,,
2025-10-14 13:00:00+00:00,1.32613,1.3296,1.32608,1.3282,GREEN,1.32726,,,,,,,,
2025-10-14 14:00:00+00:00,1.32818,1.33032,1.32795,1.32968,GREEN,1.3296,,,,,,,,
2025-10-14 15:00:00+00:00,1.32969,1.33192,1.32883,1.33178,GREEN,1.33032,,,,,,,,
2025-10-14 20:00:00+00:00,1.33256,1.33272,1.33142,1.33204,RED,1.33224,,,,,,,,
2025-10-15 00:00:00+00:00,1.33216,1.33309,1.332,1.33286,GREEN,1.33247,,,,,,,,
2025-10-15 01:00:00+00:00,1.33286,1.33408,1.33257,1.33402,GREEN,1.33309,,,,,,,,
2025-10-15 02:00:00+00:00,1.33401,1.33514,1.334,1.33494,GREEN,1.33408,,,,,,,,
2025-10-15 06:00:00+00:00,1.33526,1.33736,1.33506,1.33626,GREEN,1.3359,,,,,,,,
2025-10-15 07:00:00+00:00,1.33626,1.3364,1.33418,1.335,RED,1.33506,,,,,,,,
2025-10-15 10:00:00+00:00,1.33508,1.3366,1.33468,1.33647,GREEN,1.33572,,,,,,,,
2025-10-15 12:00:00+00:00,1.3352,1.33564,1.33414,1.33458,RED,1.33501,,,,,,,,
2025-10-15 14:00:00+00:00,1.33497,1.3367,1.33466,1.33651,GREEN,1.33528,,,,,,,,
2025-10-15 15:00:00+00:00,1.33652,1.34034,1.33621,1.33939,GREEN,1.3367,,,,,,,,
2025-10-15 17:00:00+00:00,1.33907,1.33907,1.33716,1.33771,RED,1.33844,,,,,,,,
2025-10-15 19:00:00+00:00,1.3383,1.33938,1.33828,1.33936,GREEN,1.33871,,,,,,,,
2025-10-15 20:00:00+00:00,1.33935,1.3408,1.33922,1.34024,GREEN,1.33938,,,,,,,,
2025-10-15 22:00:00+00:00,1.33944,1.3408,1.33944,1.34039,GREEN,1.34034,,,,,,,,
2025-10-16 00:00:00+00:00,1.34034,1.34286,1.34,1.34222,GREEN,1.34048,,,,,,,,
2025-10-16 01:00:00+00:00,1.34222,1.34422,1.34219,1.34362,GREEN,1.34286,,,,,,,,
2025-10-16 03:00:00+00:00,1.3431,1.3432,1.34219,1.3422,RED,1.34286,,,,,,,,
2025-10-16 04:00:00+00:00,1.3422,1.3423,1.34126,1.34143,RED,1.34219,,,,,,,,
2025-10-16 06:00:00+00:00,1.3417,1.3423,1.3404,1.34108,RED,1.34118,,,,,,,,
2025-10-16 07:00:00+00:00,1.34106,1.34279,1.34084,1.34266,GREEN,1.3423,,,,,,,,
2025-10-16 08:00:00+00:00,1.34266,1.34432,1.34238,1.34382,GREEN,1.34279,,,,,,,,
2025-10-16 12:00:00+00:00,1.34405,1.3449,1.3424,1.34478,GREEN,1.34456,,,,,,,,
2025-10-16 13:00:00+00:00,1.34478,1.34546,1.34203,1.34208,RED,1.3424,,,,,,,,
2025-10-16 17:00:00+00:00,1.34268,1.3448,1.34258,1.34381,GREEN,1.34334,,,,,,,,
2025-10-17 00:00:00+00:00,1.34442,1.34522,1.34402,1.34472,GREEN,1.34455,,,,,,,,
2025-10-17 01:00:00+00:00,1.34472,1.34514,1.3438,1.34388,RED,1.34402,,,,,,,,
